-- phpMyAdmin SQL Dump
-- version 4.4.15.10
-- https://www.phpmyadmin.net
--
-- Хост: localhost
-- Время создания: Май 11 2022 г., 16:32
-- Версия сервера: 5.5.68-MariaDB
-- Версия PHP: 5.4.16

SET SQL_MODE = "NO_AUTO_VALUE_ON_ZERO";
SET time_zone = "+00:00";


/*!40101 SET @OLD_CHARACTER_SET_CLIENT=@@CHARACTER_SET_CLIENT */;
/*!40101 SET @OLD_CHARACTER_SET_RESULTS=@@CHARACTER_SET_RESULTS */;
/*!40101 SET @OLD_COLLATION_CONNECTION=@@COLLATION_CONNECTION */;
/*!40101 SET NAMES utf8mb4 */;

--
-- База данных: `db_gidro`
--

-- --------------------------------------------------------

--
-- Структура таблицы `admins`
--

CREATE TABLE IF NOT EXISTS `admins` (
  `id` bigint(20) unsigned NOT NULL,
  `created_at` timestamp NULL DEFAULT NULL,
  `updated_at` timestamp NULL DEFAULT NULL
) ENGINE=InnoDB DEFAULT CHARSET=utf8mb4 COLLATE=utf8mb4_unicode_ci;

-- --------------------------------------------------------

--
-- Структура таблицы `caklamas`
--

CREATE TABLE IF NOT EXISTS `caklamas` (
  `id` bigint(20) unsigned NOT NULL,
  `sene` char(191) COLLATE utf8mb4_unicode_ci NOT NULL,
  `image` char(191) COLLATE utf8mb4_unicode_ci DEFAULT NULL,
  `welayat` varchar(191) COLLATE utf8mb4_unicode_ci NOT NULL,
  `created_at` timestamp NULL DEFAULT NULL,
  `updated_at` timestamp NULL DEFAULT NULL
) ENGINE=InnoDB DEFAULT CHARSET=utf8mb4 COLLATE=utf8mb4_unicode_ci;

-- --------------------------------------------------------

--
-- Структура таблицы `caks`
--

CREATE TABLE IF NOT EXISTS `caks` (
  `id` bigint(20) unsigned NOT NULL,
  `time` char(191) COLLATE utf8mb4_unicode_ci NOT NULL,
  `temp` varchar(191) COLLATE utf8mb4_unicode_ci NOT NULL,
  `basys` varchar(191) COLLATE utf8mb4_unicode_ci NOT NULL,
  `cyg` varchar(191) COLLATE utf8mb4_unicode_ci NOT NULL,
  `tizlik` varchar(191) COLLATE utf8mb4_unicode_ci NOT NULL,
  `aht` varchar(191) COLLATE utf8mb4_unicode_ci NOT NULL,
  `hyagday_id` bigint(20) unsigned NOT NULL,
  `ugur_id` bigint(20) unsigned NOT NULL,
  `wel_id` bigint(20) unsigned NOT NULL,
  `date` char(191) COLLATE utf8mb4_unicode_ci NOT NULL,
  `created_at` timestamp NULL DEFAULT NULL,
  `updated_at` timestamp NULL DEFAULT NULL
) ENGINE=InnoDB AUTO_INCREMENT=743 DEFAULT CHARSET=utf8mb4 COLLATE=utf8mb4_unicode_ci;

--
-- Дамп данных таблицы `caks`
--

INSERT INTO `caks` (`id`, `time`, `temp`, `basys`, `cyg`, `tizlik`, `aht`, `hyagday_id`, `ugur_id`, `wel_id`, `date`, `created_at`, `updated_at`) VALUES
(39, '17:00', '16', '740', '65', '9', '-', 4, 2, 1, '2021-10-21', '2021-10-20 04:42:52', '2021-10-20 04:42:52'),
(40, '20:00', '13', '741', '70', '6', '-', 3, 2, 1, '2021-10-21', '2021-10-20 04:42:52', '2021-10-20 04:42:52'),
(41, '23:00', '10', '741', '75', '6', '-', 3, 2, 1, '2021-10-21', '2021-10-20 04:42:52', '2021-10-20 04:42:52'),
(42, '05:00', '9', '741', '65', '6', '-', 8, 8, 1, '2021-10-22', '2021-10-20 04:45:42', '2021-10-20 04:45:42'),
(43, '08:00', '7', '740', '60', '7', '-', 8, 8, 1, '2021-10-22', '2021-10-20 04:45:42', '2021-10-20 04:45:42'),
(44, '11:00', '12', '740', '55', '7', '-', 7, 10, 1, '2021-10-22', '2021-10-20 04:45:42', '2021-10-20 04:45:42'),
(45, '14:00', '14', '739', '50', '10', '-', 1, 10, 1, '2021-10-22', '2021-10-20 04:45:42', '2021-10-20 04:45:42'),
(46, '17:00', '16', '739', '45', '8', '-', 7, 10, 1, '2021-10-22', '2021-10-20 04:45:42', '2021-10-20 04:45:42'),
(47, '20:00', '13', '740', '50', '7', '-', 2, 10, 1, '2021-10-22', '2021-10-20 04:45:42', '2021-10-20 04:45:42'),
(48, '23:00', '10', '740', '55', '6', '-', 7, 10, 1, '2021-10-22', '2021-10-20 04:45:42', '2021-10-20 04:45:42'),
(49, '05:00', '11', '772', '60', '7', '-', 3, 4, 6, '2021-10-21', '2021-10-20 04:56:36', '2021-10-20 04:56:36'),
(50, '08:00', '9', '771', '55', '8', '-', 4, 4, 6, '2021-10-21', '2021-10-20 04:56:36', '2021-10-20 04:56:36'),
(51, '11:00', '14', '771', '50', '10', '-', 4, 4, 6, '2021-10-21', '2021-10-20 04:56:36', '2021-10-20 04:56:36'),
(52, '14:00', '16', '770', '40', '14', '-', 7, 2, 6, '2021-10-21', '2021-10-20 04:56:36', '2021-10-20 04:56:36'),
(53, '17:00', '18', '770', '45', '11', '-', 7, 4, 6, '2021-10-21', '2021-10-20 04:56:36', '2021-10-20 04:56:36'),
(54, '20:00', '13', '771', '50', '9', '-', 3, 2, 6, '2021-10-21', '2021-10-20 04:56:36', '2021-10-20 04:56:36'),
(55, '23:00', '11', '771', '60', '7', '-', 3, 2, 6, '2021-10-21', '2021-10-20 04:56:36', '2021-10-20 04:56:36'),
(56, '05:00', '5', '773', '60', '7', '-', 3, 3, 6, '2021-10-22', '2021-10-20 04:58:31', '2021-10-20 04:58:31'),
(57, '08:00', '10', '772', '65', '9', '-', 4, 8, 6, '2021-10-22', '2021-10-20 04:58:31', '2021-10-20 04:58:31'),
(58, '11:00', '14', '772', '55', '11', '-', 4, 8, 6, '2021-10-22', '2021-10-20 04:58:31', '2021-10-20 04:58:31'),
(59, '14:00', '17', '771', '40', '14', '-', 7, 8, 6, '2021-10-22', '2021-10-20 04:58:31', '2021-10-20 04:58:31'),
(60, '17:00', '20', '771', '45', '10', '-', 4, 8, 6, '2021-10-22', '2021-10-20 04:58:31', '2021-10-20 04:58:31'),
(61, '20:00', '15', '772', '50', '8', '-', 8, 10, 6, '2021-10-22', '2021-10-20 04:58:31', '2021-10-20 04:58:31'),
(62, '23:00', '11', '772', '55', '8', '-', 8, 3, 6, '2021-10-22', '2021-10-20 04:58:31', '2021-10-20 04:58:31'),
(63, '05:00', '11', '755', '85', '12', '-', 18, 2, 2, '2021-10-21', '2021-10-20 05:03:57', '2021-10-20 05:03:57'),
(64, '08:00', '8', '754', '80', '10', '-', 18, 2, 2, '2021-10-21', '2021-10-20 05:03:57', '2021-10-20 05:03:57'),
(65, '11:00', '12', '754', '75', '11', '-', 4, 2, 2, '2021-10-21', '2021-10-20 05:03:57', '2021-10-20 05:03:57'),
(66, '14:00', '15', '753', '65', '14', '-', 4, 2, 2, '2021-10-21', '2021-10-20 05:03:57', '2021-10-20 05:03:57'),
(67, '17:00', '17', '753', '70', '10', '-', 4, 2, 2, '2021-10-21', '2021-10-20 05:03:57', '2021-10-20 05:03:57'),
(68, '20:00', '13', '754', '75', '9', '-', 4, 2, 2, '2021-10-21', '2021-10-20 05:03:57', '2021-10-20 05:03:57'),
(69, '23:00', '10', '754', '80', '8', '-', 3, 2, 2, '2021-10-21', '2021-10-20 05:03:57', '2021-10-20 05:03:57'),
(70, '05:00', '7', '754', '70', '7', '-', 8, 8, 2, '2021-10-22', '2021-10-20 05:08:07', '2021-10-20 05:08:07'),
(71, '08:00', '2', '753', '65', '7', '-', 7, 8, 2, '2021-10-22', '2021-10-20 05:08:07', '2021-10-20 05:08:07'),
(72, '11:00', '10', '753', '60', '9', '-', 7, 10, 2, '2021-10-22', '2021-10-20 05:08:07', '2021-10-20 05:08:07'),
(73, '14:00', '16', '752', '55', '13', '-', 2, 10, 2, '2021-10-22', '2021-10-20 05:08:07', '2021-10-20 05:08:07'),
(74, '17:00', '18', '752', '50', '9', '-', 7, 10, 2, '2021-10-22', '2021-10-20 05:08:07', '2021-10-20 05:08:07'),
(75, '20:00', '13', '753', '55', '8', '-', 2, 10, 2, '2021-10-22', '2021-10-20 05:08:07', '2021-10-20 05:08:07'),
(76, '23:00', '7', '753', '60', '7', '-', 8, 10, 2, '2021-10-22', '2021-10-20 05:08:07', '2021-10-20 05:08:07'),
(77, '05:00', '12', '751', '80', '9', '-', 3, 2, 3, '2021-10-21', '2021-10-20 05:12:06', '2021-10-20 05:12:06'),
(78, '08:00', '10', '750', '75', '8', '-', 12, 2, 3, '2021-10-21', '2021-10-20 05:12:06', '2021-10-20 05:12:06'),
(79, '11:00', '13', '750', '70', '10', '-', 12, 2, 3, '2021-10-21', '2021-10-20 05:12:06', '2021-10-20 05:12:06'),
(80, '14:00', '15', '749', '60', '14', '-', 4, 2, 3, '2021-10-21', '2021-10-20 05:12:06', '2021-10-20 05:12:06'),
(81, '17:00', '18', '749', '75', '9', '-', 4, 6, 3, '2021-10-21', '2021-10-20 05:12:06', '2021-10-20 05:12:06'),
(82, '20:00', '14', '750', '70', '7', '-', 4, 2, 3, '2021-10-21', '2021-10-20 05:12:06', '2021-10-20 05:12:06'),
(83, '23:00', '11', '750', '75', '6', '-', 3, 2, 3, '2021-10-21', '2021-10-20 05:12:06', '2021-10-20 05:12:06'),
(84, '05:00', '7', '755', '60', '7', '-', 3, 4, 3, '2021-10-22', '2021-10-20 05:15:34', '2021-10-20 05:15:34'),
(85, '08:00', '2', '754', '55', '6', '-', 4, 4, 3, '2021-10-22', '2021-10-20 05:15:34', '2021-10-20 05:15:34'),
(86, '11:00', '10', '754', '50', '8', '-', 7, 4, 3, '2021-10-22', '2021-10-20 05:15:34', '2021-10-20 05:15:34'),
(87, '14:00', '14', '753', '40', '12', '-', 4, 4, 3, '2021-10-22', '2021-10-20 05:15:34', '2021-10-20 05:15:34'),
(88, '17:00', '18', '753', '55', '7', '-', 7, 4, 3, '2021-10-22', '2021-10-20 05:15:34', '2021-10-20 05:15:34'),
(89, '20:00', '13', '754', '50', '5', '-', 7, 10, 3, '2021-10-22', '2021-10-20 05:15:34', '2021-10-20 05:15:34'),
(90, '23:00', '10', '754', '55', '4', '-', 3, 10, 3, '2021-10-22', '2021-10-20 05:15:34', '2021-10-20 05:15:34'),
(91, '05:00', '13', '752', '75', '9', '-', 12, 2, 4, '2021-10-21', '2021-10-20 05:19:20', '2021-10-20 05:19:20'),
(92, '08:00', '8', '751', '70', '11', '-', 12, 2, 4, '2021-10-21', '2021-10-20 05:19:20', '2021-10-20 05:19:20'),
(93, '11:00', '15', '751', '65', '10', '-', 4, 6, 4, '2021-10-21', '2021-10-20 05:19:20', '2021-10-20 05:19:20'),
(94, '14:00', '18', '750', '55', '14', '-', 12, 2, 4, '2021-10-21', '2021-10-20 05:19:20', '2021-10-20 05:19:20'),
(95, '17:00', '20', '750', '60', '9', '-', 12, 2, 4, '2021-10-21', '2021-10-20 05:19:20', '2021-10-20 05:19:20'),
(96, '20:00', '15', '751', '65', '8', '-', 3, 2, 4, '2021-10-21', '2021-10-20 05:19:20', '2021-10-20 05:19:20'),
(97, '23:00', '11', '751', '70', '6', '-', 3, 2, 4, '2021-10-21', '2021-10-20 05:19:20', '2021-10-20 05:19:20'),
(98, '05:00', '6', '756', '65', '8', '-', 3, 2, 4, '2021-10-22', '2021-10-20 05:23:12', '2021-10-20 05:23:12'),
(99, '08:00', '2', '755', '60', '10', '-', 4, 2, 4, '2021-10-22', '2021-10-20 05:23:12', '2021-10-20 05:23:12'),
(100, '11:00', '10', '755', '55', '9', '-', 4, 4, 4, '2021-10-22', '2021-10-20 05:23:12', '2021-10-20 05:23:12'),
(101, '14:00', '13', '754', '45', '13', '-', 7, 4, 4, '2021-10-22', '2021-10-20 05:23:12', '2021-10-20 05:23:12'),
(102, '17:00', '16', '754', '50', '8', '-', 4, 4, 4, '2021-10-22', '2021-10-20 05:23:12', '2021-10-20 05:23:12'),
(103, '20:00', '11', '755', '55', '7', '-', 8, 4, 4, '2021-10-22', '2021-10-20 05:23:12', '2021-10-20 05:23:12'),
(104, '23:00', '8', '755', '60', '5', '-', 8, 4, 4, '2021-10-22', '2021-10-20 05:23:12', '2021-10-20 05:23:12'),
(105, '05:00', '6', '761', '65', '9', '-', 3, 2, 5, '2021-10-21', '2021-10-20 05:27:08', '2021-10-20 05:27:08'),
(106, '08:00', '4', '760', '60', '8', '-', 4, 2, 5, '2021-10-21', '2021-10-20 05:27:08', '2021-10-20 05:27:08'),
(107, '11:00', '9', '760', '55', '9', '-', 7, 2, 5, '2021-10-21', '2021-10-20 05:27:08', '2021-10-20 05:27:08'),
(108, '14:00', '10', '759', '45', '14', '-', 4, 2, 5, '2021-10-21', '2021-10-20 05:27:08', '2021-10-20 05:27:08'),
(109, '17:00', '14', '759', '50', '10', '-', 4, 2, 5, '2021-10-21', '2021-10-20 05:27:08', '2021-10-20 05:27:08'),
(110, '20:00', '9', '760', '55', '7', '-', 8, 2, 5, '2021-10-21', '2021-10-20 05:27:08', '2021-10-20 05:27:08'),
(111, '23:00', '7', '760', '65', '7', '-', 8, 2, 5, '2021-10-21', '2021-10-20 05:27:08', '2021-10-20 05:27:08'),
(112, '05:00', '-1', '764', '65', '7', '-', 3, 2, 5, '2021-10-22', '2021-10-20 05:30:22', '2021-10-20 05:30:22'),
(113, '08:00', '4', '763', '60', '6', '-', 4, 5, 5, '2021-10-22', '2021-10-20 05:30:22', '2021-10-20 05:30:22'),
(114, '11:00', '9', '763', '55', '7', '-', 4, 5, 5, '2021-10-22', '2021-10-20 05:30:22', '2021-10-20 05:30:22'),
(115, '14:00', '12', '762', '50', '12', '-', 7, 5, 5, '2021-10-22', '2021-10-20 05:30:22', '2021-10-20 05:30:22'),
(116, '17:00', '15', '762', '45', '8', '-', 7, 5, 5, '2021-10-22', '2021-10-20 05:30:22', '2021-10-20 05:30:22'),
(117, '20:00', '10', '763', '55', '5', '-', 8, 8, 5, '2021-10-22', '2021-10-20 05:30:22', '2021-10-20 05:30:22'),
(118, '23:00', '8', '763', '65', '5', '-', 8, 8, 5, '2021-10-22', '2021-10-20 05:30:22', '2021-10-20 05:30:22'),
(119, '05:00', '11', '767', '35', '8', '-', 3, 4, 6, '2021-10-23', '2021-10-22 05:29:54', '2021-10-22 05:29:54'),
(120, '08:00', '9', '766', '30', '9', '-', 7, 4, 6, '2021-10-23', '2021-10-22 05:29:54', '2021-10-22 05:29:54'),
(121, '11:00', '19', '766', '25', '10', '-', 7, 4, 6, '2021-10-23', '2021-10-22 05:29:54', '2021-10-22 05:29:54'),
(122, '14:00', '22', '765', '15', '14', '-', 7, 4, 6, '2021-10-23', '2021-10-22 05:29:54', '2021-10-22 05:29:54'),
(123, '17:00', '24', '765', '20', '12', '-', 7, 2, 6, '2021-10-23', '2021-10-22 05:29:54', '2021-10-22 05:29:54'),
(124, '20:00', '17', '766', '25', '9', '-', 3, 2, 6, '2021-10-23', '2021-10-22 05:29:54', '2021-10-22 05:29:54'),
(125, '23:00', '13', '766', '30', '8', '-', 8, 10, 6, '2021-10-23', '2021-10-22 05:29:54', '2021-10-22 05:29:54'),
(126, '05:00', '11', '768', '40', '7', '-', 8, 3, 6, '2021-10-24', '2021-10-22 05:36:28', '2021-10-22 05:36:28'),
(127, '08:00', '9', '767', '35', '8', '-', 4, 3, 6, '2021-10-24', '2021-10-22 05:36:28', '2021-10-22 05:36:28'),
(128, '11:00', '16', '767', '30', '10', '-', 7, 8, 6, '2021-10-24', '2021-10-22 05:36:28', '2021-10-22 05:36:28'),
(129, '14:00', '19', '766', '35', '14', '-', 7, 2, 6, '2021-10-24', '2021-10-22 05:36:28', '2021-10-22 05:36:28'),
(130, '17:00', '21', '766', '40', '9', '-', 4, 2, 6, '2021-10-24', '2021-10-22 05:36:28', '2021-10-22 05:36:28'),
(131, '20:00', '15', '767', '45', '7', '-', 3, 2, 6, '2021-10-24', '2021-10-22 05:36:28', '2021-10-22 05:36:28'),
(132, '23:00', '12', '767', '50', '6', '-', 3, 2, 6, '2021-10-24', '2021-10-22 05:36:28', '2021-10-22 05:36:28'),
(133, '05:00', '7', '752', '60', '7', '-', 8, 10, 2, '2021-10-23', '2021-10-22 05:53:34', '2021-10-22 05:53:34'),
(134, '08:00', '5', '751', '55', '9', '-', 7, 10, 2, '2021-10-23', '2021-10-22 05:53:34', '2021-10-22 05:53:34'),
(135, '11:00', '14', '751', '50', '10', '-', 2, 10, 2, '2021-10-23', '2021-10-22 05:53:34', '2021-10-22 05:53:34'),
(136, '14:00', '16', '750', '45', '14', '-', 7, 10, 2, '2021-10-23', '2021-10-22 05:53:34', '2021-10-22 05:53:34'),
(137, '17:00', '21', '750', '40', '11', '-', 2, 10, 2, '2021-10-23', '2021-10-22 05:53:34', '2021-10-22 05:53:34'),
(138, '20:00', '14', '751', '50', '8', '-', 1, 10, 2, '2021-10-23', '2021-10-22 05:53:34', '2021-10-22 05:53:34'),
(139, '23:00', '9', '751', '60', '7', '-', 8, 10, 2, '2021-10-23', '2021-10-22 05:53:34', '2021-10-22 05:53:34'),
(140, '05:00', '8', '750', '50', '6', '-', 8, 3, 2, '2021-10-24', '2021-10-22 05:57:56', '2021-10-22 05:57:56'),
(141, '08:00', '6', '749', '45', '7', '-', 2, 3, 2, '2021-10-24', '2021-10-22 05:57:56', '2021-10-22 05:57:56'),
(142, '11:00', '14', '749', '40', '10', '-', 7, 4, 2, '2021-10-24', '2021-10-22 05:57:56', '2021-10-22 05:57:56'),
(143, '14:00', '17', '748', '35', '12', '-', 7, 2, 2, '2021-10-24', '2021-10-22 05:57:56', '2021-10-22 05:57:56'),
(144, '17:00', '22', '748', '30', '9', '-', 7, 2, 2, '2021-10-24', '2021-10-22 05:57:56', '2021-10-22 05:57:56'),
(145, '20:00', '15', '749', '40', '8', '-', 3, 2, 2, '2021-10-24', '2021-10-22 05:57:56', '2021-10-22 05:57:56'),
(146, '23:00', '9', '749', '45', '7', '-', 3, 2, 2, '2021-10-24', '2021-10-22 05:57:56', '2021-10-22 05:57:56'),
(147, '05:00', '7', '751', '60', '6', '-', 8, 3, 3, '2021-10-23', '2021-10-22 06:02:21', '2021-10-22 06:02:21'),
(148, '08:00', '5', '750', '55', '7', '-', 7, 3, 3, '2021-10-23', '2021-10-22 06:02:21', '2021-10-22 06:02:21'),
(149, '11:00', '12', '750', '50', '9', '-', 7, 3, 3, '2021-10-23', '2021-10-22 06:02:21', '2021-10-22 06:02:21'),
(150, '14:00', '15', '749', '40', '12', '-', 7, 3, 3, '2021-10-23', '2021-10-22 06:02:21', '2021-10-22 06:02:21'),
(151, '17:00', '20', '749', '45', '9', '-', 7, 3, 3, '2021-10-23', '2021-10-22 06:02:21', '2021-10-22 06:02:21'),
(152, '20:00', '12', '750', '50', '8', '-', 8, 4, 3, '2021-10-23', '2021-10-22 06:02:21', '2021-10-22 06:02:21'),
(153, '23:00', '9', '750', '55', '7', '-', 3, 3, 3, '2021-10-23', '2021-10-22 06:02:21', '2021-10-22 06:02:21'),
(154, '05:00', '7', '748', '60', '6', '-', 1, 3, 3, '2021-10-24', '2021-10-22 06:05:56', '2021-10-22 06:05:56'),
(155, '08:00', '5', '747', '55', '7', '-', 2, 3, 3, '2021-10-24', '2021-10-22 06:05:56', '2021-10-22 06:05:56'),
(156, '11:00', '14', '747', '50', '9', '-', 7, 3, 3, '2021-10-24', '2021-10-22 06:05:56', '2021-10-22 06:05:56'),
(157, '14:00', '17', '746', '40', '10', '-', 7, 3, 3, '2021-10-24', '2021-10-22 06:05:56', '2021-10-22 06:05:56'),
(158, '17:00', '22', '746', '45', '12', '-', 7, 4, 3, '2021-10-24', '2021-10-22 06:05:56', '2021-10-22 06:05:56'),
(159, '20:00', '14', '747', '50', '9', '-', 8, 4, 3, '2021-10-24', '2021-10-22 06:05:56', '2021-10-22 06:05:56'),
(160, '23:00', '8', '747', '55', '7', '-', 8, 4, 3, '2021-10-24', '2021-10-22 06:05:56', '2021-10-22 06:05:56'),
(161, '05:00', '5', '754', '60', '7', '-', 8, 4, 4, '2021-10-23', '2021-10-22 06:11:07', '2021-10-22 06:11:07'),
(162, '08:00', '2', '753', '55', '9', '-', 7, 4, 4, '2021-10-23', '2021-10-22 06:11:07', '2021-10-22 06:11:07'),
(163, '11:00', '11', '753', '50', '8', '-', 7, 4, 4, '2021-10-23', '2021-10-22 06:11:07', '2021-10-22 06:11:07'),
(164, '14:00', '15', '752', '40', '12', '-', 7, 4, 4, '2021-10-23', '2021-10-22 06:11:07', '2021-10-22 06:11:07'),
(165, '17:00', '20', '752', '45', '7', '-', 7, 4, 4, '2021-10-23', '2021-10-22 06:11:07', '2021-10-22 06:11:07'),
(166, '20:00', '13', '753', '50', '6', '-', 8, 4, 4, '2021-10-23', '2021-10-22 06:11:07', '2021-10-22 06:11:07'),
(167, '23:00', '9', '753', '60', '4', '-', 8, 4, 4, '2021-10-23', '2021-10-22 06:11:07', '2021-10-22 06:11:07'),
(168, '05:00', '5', '751', '65', '8', '-', 8, 4, 4, '2021-10-24', '2021-10-22 06:15:15', '2021-10-22 06:15:15'),
(169, '08:00', '3', '750', '60', '7', '-', 7, 4, 4, '2021-10-24', '2021-10-22 06:15:15', '2021-10-22 06:15:15'),
(170, '11:00', '14', '750', '55', '9', '-', 2, 4, 4, '2021-10-24', '2021-10-22 06:15:15', '2021-10-22 06:15:15'),
(171, '14:00', '18', '749', '45', '13', '-', 2, 4, 4, '2021-10-24', '2021-10-22 06:15:15', '2021-10-22 06:15:15'),
(172, '17:00', '23', '749', '50', '8', '-', 7, 4, 4, '2021-10-24', '2021-10-22 06:15:15', '2021-10-22 06:15:15'),
(173, '20:00', '15', '750', '55', '7', '-', 8, 2, 4, '2021-10-24', '2021-10-22 06:15:15', '2021-10-22 06:15:15'),
(174, '23:00', '9', '750', '60', '5', '-', 8, 2, 4, '2021-10-24', '2021-10-22 06:15:15', '2021-10-22 06:15:15'),
(175, '05:00', '5', '765', '60', '8', '-', 8, 8, 5, '2021-10-23', '2021-10-22 06:18:57', '2021-10-22 06:18:57'),
(176, '08:00', '3', '764', '55', '7', '-', 7, 8, 5, '2021-10-23', '2021-10-22 06:18:57', '2021-10-22 06:18:57'),
(177, '11:00', '13', '764', '50', '8', '-', 4, 8, 5, '2021-10-23', '2021-10-22 06:18:57', '2021-10-22 06:18:57'),
(178, '14:00', '15', '763', '40', '13', '-', 7, 8, 5, '2021-10-23', '2021-10-22 06:18:57', '2021-10-22 06:18:57'),
(179, '17:00', '18', '763', '45', '9', '-', 7, 8, 5, '2021-10-23', '2021-10-22 06:18:57', '2021-10-22 06:18:57'),
(180, '20:00', '12', '764', '50', '6', '-', 8, 10, 5, '2021-10-23', '2021-10-22 06:18:57', '2021-10-22 06:18:57'),
(181, '23:00', '8', '764', '60', '5', '-', 8, 10, 5, '2021-10-23', '2021-10-22 06:18:57', '2021-10-22 06:18:57'),
(182, '05:00', '6', '763', '65', '7', '-', 8, 3, 5, '2021-10-24', '2021-10-22 06:22:26', '2021-10-22 06:22:26'),
(183, '08:00', '4', '762', '60', '8', '-', 7, 3, 5, '2021-10-24', '2021-10-22 06:22:26', '2021-10-22 06:22:26'),
(184, '11:00', '12', '762', '55', '8', '-', 2, 3, 5, '2021-10-24', '2021-10-22 06:22:26', '2021-10-22 06:22:26'),
(185, '14:00', '16', '761', '45', '13', '-', 2, 3, 5, '2021-10-24', '2021-10-22 06:22:26', '2021-10-22 06:22:26'),
(186, '17:00', '21', '761', '50', '10', '-', 7, 3, 5, '2021-10-24', '2021-10-22 06:22:26', '2021-10-22 06:22:26'),
(187, '20:00', '13', '762', '55', '8', '-', 8, 4, 5, '2021-10-24', '2021-10-22 06:22:26', '2021-10-22 06:22:26'),
(188, '23:00', '8', '762', '60', '7', '-', 8, 10, 5, '2021-10-24', '2021-10-22 06:22:26', '2021-10-22 06:22:26'),
(189, '05:00', '13', '763', '60', '7', '-', 8, 8, 6, '2021-10-25', '2021-10-24 06:33:06', '2021-10-24 06:33:06'),
(190, '08:00', '10', '762', '55', '8', '-', 4, 8, 6, '2021-10-25', '2021-10-24 06:33:06', '2021-10-24 06:33:06'),
(191, '11:00', '15', '762', '50', '8', '-', 4, 2, 6, '2021-10-25', '2021-10-24 06:33:06', '2021-10-24 06:33:06'),
(192, '14:00', '21', '761', '45', '10', '-', 4, 2, 6, '2021-10-25', '2021-10-24 06:33:06', '2021-10-24 06:33:06'),
(193, '17:00', '23', '761', '40', '13', '-', 4, 2, 6, '2021-10-25', '2021-10-24 06:33:06', '2021-10-24 06:33:06'),
(194, '20:00', '18', '762', '50', '8', '-', 3, 2, 6, '2021-10-25', '2021-10-24 06:33:06', '2021-10-24 06:33:06'),
(195, '23:00', '14', '762', '60', '7', '-', 3, 2, 6, '2021-10-25', '2021-10-24 06:33:06', '2021-10-24 06:33:06'),
(196, '05:00', '12', '764', '65', '6', '-', 3, 2, 6, '2021-10-26', '2021-10-24 06:36:29', '2021-10-24 06:36:29'),
(197, '05:00', '10', '746', '45', '6', '-', 3, 5, 2, '2021-10-25', '2021-10-24 06:39:51', '2021-10-24 06:39:51'),
(198, '08:00', '8', '745', '40', '6', '-', 4, 5, 2, '2021-10-25', '2021-10-24 06:39:51', '2021-10-24 06:39:51'),
(199, '11:00', '16', '745', '35', '7', '-', 4, 10, 2, '2021-10-25', '2021-10-24 06:39:51', '2021-10-24 06:39:51'),
(200, '14:00', '21', '744', '30', '8', '-', 7, 8, 2, '2021-10-25', '2021-10-24 06:39:51', '2021-10-24 06:39:51'),
(201, '17:00', '23', '744', '25', '12', '-', 4, 8, 2, '2021-10-25', '2021-10-24 06:39:51', '2021-10-24 06:39:51'),
(202, '20:00', '18', '745', '35', '7', '-', 3, 8, 2, '2021-10-25', '2021-10-24 06:39:51', '2021-10-24 06:39:51'),
(203, '23:00', '14', '745', '45', '6', '-', 8, 8, 2, '2021-10-25', '2021-10-24 06:39:51', '2021-10-24 06:39:51'),
(204, '05:00', '12', '747', '55', '6', '-', 8, 2, 2, '2021-10-26', '2021-10-24 06:43:18', '2021-10-24 06:43:18'),
(205, '08:00', '7', '746', '50', '7', '-', 7, 2, 2, '2021-10-26', '2021-10-24 06:43:18', '2021-10-24 06:43:18'),
(206, '11:00', '18', '746', '45', '8', '-', 4, 2, 2, '2021-10-26', '2021-10-24 06:43:18', '2021-10-24 06:43:18'),
(207, '14:00', '19', '745', '50', '10', '-', 4, 2, 2, '2021-10-26', '2021-10-24 06:43:18', '2021-10-24 06:43:18'),
(208, '17:00', '21', '745', '55', '12', '-', 4, 2, 2, '2021-10-26', '2021-10-24 06:43:18', '2021-10-24 06:43:18'),
(209, '20:00', '16', '746', '60', '9', '-', 3, 5, 2, '2021-10-26', '2021-10-24 06:43:18', '2021-10-24 06:43:18'),
(210, '23:00', '12', '746', '65', '6', '-', 3, 5, 2, '2021-10-26', '2021-10-24 06:43:18', '2021-10-24 06:43:18'),
(211, '05:00', '7', '745', '40', '5', '-', 8, 8, 3, '2021-10-25', '2021-10-24 06:46:36', '2021-10-24 06:46:36'),
(212, '08:00', '5', '744', '35', '6', '-', 4, 8, 3, '2021-10-25', '2021-10-24 06:46:36', '2021-10-24 06:46:36'),
(213, '11:00', '15', '744', '30', '7', '-', 4, 5, 3, '2021-10-25', '2021-10-24 06:46:36', '2021-10-24 06:46:36'),
(214, '14:00', '20', '743', '25', '10', '-', 4, 5, 3, '2021-10-25', '2021-10-24 06:46:36', '2021-10-24 06:46:36'),
(215, '17:00', '22', '743', '20', '8', '-', 4, 5, 3, '2021-10-25', '2021-10-24 06:46:36', '2021-10-24 06:46:36'),
(216, '20:00', '17', '744', '30', '6', '-', 3, 5, 3, '2021-10-25', '2021-10-24 06:46:36', '2021-10-24 06:46:36'),
(217, '23:00', '12', '744', '40', '7', '-', 8, 2, 3, '2021-10-25', '2021-10-24 06:46:36', '2021-10-24 06:46:36'),
(218, '05:00', '8', '746', '45', '5', '-', 8, 10, 3, '2021-10-26', '2021-10-24 06:49:11', '2021-10-24 06:49:11'),
(219, '08:00', '7', '745', '40', '6', '-', 4, 8, 3, '2021-10-26', '2021-10-24 06:49:11', '2021-10-24 06:49:11'),
(220, '11:00', '18', '745', '35', '7', '-', 4, 4, 3, '2021-10-26', '2021-10-24 06:49:11', '2021-10-24 06:49:11'),
(221, '14:00', '21', '744', '30', '8', '-', 4, 3, 3, '2021-10-26', '2021-10-24 06:49:11', '2021-10-24 06:49:11'),
(222, '17:00', '23', '744', '25', '11', '-', 4, 4, 3, '2021-10-26', '2021-10-24 06:49:11', '2021-10-24 06:49:11'),
(223, '20:00', '16', '745', '35', '6', '-', 3, 4, 3, '2021-10-26', '2021-10-24 06:49:11', '2021-10-24 06:49:11'),
(224, '23:00', '13', '745', '45', '7', '-', 3, 4, 3, '2021-10-26', '2021-10-24 06:49:11', '2021-10-24 06:49:11'),
(225, '05:00', '6', '746', '50', '6', '-', 8, 11, 4, '2021-10-25', '2021-10-24 06:51:44', '2021-10-24 06:51:44'),
(226, '08:00', '3', '745', '45', '7', '-', 7, 11, 4, '2021-10-25', '2021-10-24 06:51:44', '2021-10-24 06:51:44'),
(227, '11:00', '15', '745', '40', '8', '-', 4, 5, 4, '2021-10-25', '2021-10-24 06:51:44', '2021-10-24 06:51:44'),
(228, '14:00', '19', '744', '35', '11', '-', 4, 5, 4, '2021-10-25', '2021-10-24 06:51:44', '2021-10-24 06:51:44'),
(229, '17:00', '22', '744', '30', '8', '-', 4, 5, 4, '2021-10-25', '2021-10-24 06:51:44', '2021-10-24 06:51:44'),
(230, '20:00', '17', '745', '40', '6', '-', 3, 5, 4, '2021-10-25', '2021-10-24 06:51:44', '2021-10-24 06:51:44'),
(231, '23:00', '12', '745', '50', '6', '-', 3, 5, 4, '2021-10-25', '2021-10-24 06:51:44', '2021-10-24 06:51:44'),
(232, '05:00', '8', '747', '747', '6', '-', 8, 5, 4, '2021-10-26', '2021-10-24 07:22:22', '2021-10-24 07:22:22'),
(233, '08:00', '7', '746', '746', '7', '-', 7, 5, 4, '2021-10-26', '2021-10-24 07:22:22', '2021-10-24 07:22:22'),
(234, '11:00', '17', '746', '746', '8', '-', 4, 5, 4, '2021-10-26', '2021-10-24 07:22:22', '2021-10-24 07:22:22'),
(235, '14:00', '21', '745', '745', '10', '-', 4, 11, 4, '2021-10-26', '2021-10-24 07:22:22', '2021-10-24 07:22:22'),
(236, '17:00', '23', '745', '745', '12', '-', 4, 11, 4, '2021-10-26', '2021-10-24 07:22:22', '2021-10-24 07:22:22'),
(237, '20:00', '18', '746', '746', '9', '-', 3, 11, 4, '2021-10-26', '2021-10-24 07:22:22', '2021-10-24 07:22:22'),
(238, '23:00', '15', '746', '746', '7', '-', 3, 11, 4, '2021-10-26', '2021-10-24 07:22:22', '2021-10-24 07:22:22'),
(239, '05:00', '6', '755', '45', '5', '-', 3, 4, 5, '2021-10-25', '2021-10-24 07:30:57', '2021-10-24 07:30:57'),
(240, '08:00', '3', '754', '40', '6', '-', 4, 8, 5, '2021-10-25', '2021-10-24 07:30:57', '2021-10-24 07:30:57'),
(241, '11:00', '14', '754', '35', '7', '-', 4, 8, 5, '2021-10-25', '2021-10-24 07:30:57', '2021-10-24 07:30:57'),
(242, '14:00', '16', '753', '30', '8', '-', 4, 5, 5, '2021-10-25', '2021-10-24 07:30:57', '2021-10-24 07:30:57'),
(243, '17:00', '21', '753', '25', '10', '-', 7, 5, 5, '2021-10-25', '2021-10-24 07:30:57', '2021-10-24 07:30:57'),
(244, '20:00', '12', '754', '35', '7', '-', 8, 5, 5, '2021-10-25', '2021-10-24 07:30:57', '2021-10-24 07:30:57'),
(245, '23:00', '9', '754', '45', '6', '-', 8, 5, 5, '2021-10-25', '2021-10-24 07:30:57', '2021-10-24 07:30:57'),
(246, '05:00', '7', '756', '55', '5', '-', 8, 2, 5, '2021-10-26', '2021-10-24 07:35:10', '2021-10-24 07:35:10'),
(247, '08:00', '8', '755', '50', '6', '-', 7, 2, 5, '2021-10-26', '2021-10-24 07:35:10', '2021-10-24 07:35:10'),
(248, '11:00', '14', '755', '45', '7', '-', 4, 2, 5, '2021-10-26', '2021-10-24 07:35:10', '2021-10-24 07:35:10'),
(249, '14:00', '15', '754', '40', '8', '-', 4, 2, 5, '2021-10-26', '2021-10-24 07:35:10', '2021-10-24 07:35:10'),
(250, '17:00', '17', '754', '35', '12', '-', 4, 2, 5, '2021-10-26', '2021-10-24 07:35:10', '2021-10-24 07:35:10'),
(251, '20:00', '12', '755', '45', '7', '-', 8, 2, 5, '2021-10-26', '2021-10-24 07:35:10', '2021-10-24 07:35:10'),
(252, '23:00', '10', '755', '55', '6', '-', 3, 2, 5, '2021-10-26', '2021-10-24 07:35:10', '2021-10-24 07:35:10'),
(253, '05:00', '7', '756', '55', '5', '-', 8, 2, 5, '2021-10-26', '2021-10-24 07:35:11', '2021-10-24 07:35:11'),
(254, '08:00', '8', '755', '50', '6', '-', 7, 2, 5, '2021-10-26', '2021-10-24 07:35:11', '2021-10-24 07:35:11'),
(255, '11:00', '14', '755', '45', '7', '-', 4, 2, 5, '2021-10-26', '2021-10-24 07:35:11', '2021-10-24 07:35:11'),
(256, '14:00', '15', '754', '40', '8', '-', 4, 2, 5, '2021-10-26', '2021-10-24 07:35:11', '2021-10-24 07:35:11'),
(257, '17:00', '17', '754', '35', '12', '-', 4, 2, 5, '2021-10-26', '2021-10-24 07:35:11', '2021-10-24 07:35:11'),
(258, '20:00', '12', '755', '45', '7', '-', 8, 2, 5, '2021-10-26', '2021-10-24 07:35:11', '2021-10-24 07:35:11'),
(259, '23:00', '10', '755', '55', '6', '-', 3, 2, 5, '2021-10-26', '2021-10-24 07:35:11', '2021-10-24 07:35:11'),
(260, '05:00', '12', '747', '70', '6', '-', 8, 2, 2, '2021-10-26', '2021-10-25 06:02:05', '2021-10-25 06:02:05'),
(261, '08:00', '7', '746', '65', '7', '-', 7, 2, 2, '2021-10-26', '2021-10-25 06:02:05', '2021-10-25 06:02:05'),
(262, '11:00', '18', '746', '60', '8', '-', 4, 2, 2, '2021-10-26', '2021-10-25 06:02:05', '2021-10-25 06:02:05'),
(263, '14:00', '19', '745', '55', '10', '-', 4, 2, 2, '2021-10-26', '2021-10-25 06:02:05', '2021-10-25 06:02:05'),
(264, '17:00', '21', '745', '50', '12', '-', 4, 2, 2, '2021-10-26', '2021-10-25 06:02:05', '2021-10-25 06:02:05'),
(265, '20:00', '16', '746', '65', '9', '-', 18, 5, 2, '2021-10-26', '2021-10-25 06:02:05', '2021-10-25 06:02:05'),
(266, '23:00', '12', '746', '70', '6', '-', 18, 5, 2, '2021-10-26', '2021-10-25 06:02:05', '2021-10-25 06:02:05'),
(267, '05:00', '8', '747', '45', '5', '-', 8, 3, 3, '2021-10-26', '2021-10-25 06:06:01', '2021-10-25 06:06:01'),
(268, '08:00', '7', '746', '40', '6', '-', 4, 3, 3, '2021-10-26', '2021-10-25 06:06:01', '2021-10-25 06:06:01'),
(269, '11:00', '18', '746', '35', '7', '-', 4, 4, 3, '2021-10-26', '2021-10-25 06:06:01', '2021-10-25 06:06:01'),
(270, '14:00', '21', '745', '30', '8', '-', 4, 3, 3, '2021-10-26', '2021-10-25 06:06:01', '2021-10-25 06:06:01'),
(271, '17:00', '23', '745', '25', '11', '-', 4, 4, 3, '2021-10-26', '2021-10-25 06:06:01', '2021-10-25 06:06:01'),
(272, '20:00', '16', '746', '35', '6', '-', 3, 4, 3, '2021-10-26', '2021-10-25 06:06:01', '2021-10-25 06:06:01'),
(273, '23:00', '13', '746', '45', '7', '-', 3, 4, 3, '2021-10-26', '2021-10-25 06:06:01', '2021-10-25 06:06:01'),
(274, '05:00', '8', '747', '45', '6', '-', 8, 5, 4, '2021-10-26', '2021-10-25 06:11:37', '2021-10-25 06:11:37'),
(275, '08:00', '7', '746', '40', '7', '-', 7, 5, 4, '2021-10-26', '2021-10-25 06:11:37', '2021-10-25 06:11:37'),
(276, '11:00', '17', '746', '35', '8', '-', 4, 5, 4, '2021-10-26', '2021-10-25 06:11:37', '2021-10-25 06:11:37'),
(277, '14:00', '21', '745', '30', '10', '-', 4, 5, 4, '2021-10-26', '2021-10-25 06:11:37', '2021-10-25 06:11:37'),
(278, '17:00', '23', '745', '25', '12', '-', 4, 2, 4, '2021-10-26', '2021-10-25 06:11:37', '2021-10-25 06:11:37'),
(279, '20:00', '18', '746', '35', '9', '-', 3, 5, 4, '2021-10-26', '2021-10-25 06:11:37', '2021-10-25 06:11:37'),
(280, '23:00', '15', '746', '45', '7', '-', 3, 5, 4, '2021-10-26', '2021-10-25 06:11:37', '2021-10-25 06:11:37'),
(281, '05:00', '7', '756', '55', '5', '-', 3, 2, 5, '2021-10-26', '2021-10-25 06:15:18', '2021-10-25 06:15:18'),
(282, '08:00', '8', '755', '50', '6', '-', 7, 2, 5, '2021-10-26', '2021-10-25 06:15:18', '2021-10-25 06:15:18'),
(283, '11:00', '14', '755', '45', '7', '-', 4, 2, 5, '2021-10-26', '2021-10-25 06:15:18', '2021-10-25 06:15:18'),
(284, '14:00', '15', '754', '40', '8', '-', 4, 2, 5, '2021-10-26', '2021-10-25 06:15:18', '2021-10-25 06:15:18'),
(285, '17:00', '17', '754', '35', '12', '-', 4, 2, 5, '2021-10-26', '2021-10-25 06:15:18', '2021-10-25 06:15:18'),
(286, '20:00', '12', '755', '45', '7', '-', 3, 2, 5, '2021-10-26', '2021-10-25 06:15:18', '2021-10-25 06:15:18'),
(287, '23:00', '10', '755', '55', '6', '-', 14, 2, 5, '2021-10-26', '2021-10-25 06:15:18', '2021-10-25 06:15:18'),
(288, '05:00', '9', '772', '80', '8', '-', 18, 5, 6, '2021-10-26', '2021-10-25 06:18:36', '2021-10-25 06:18:36'),
(289, '08:00', '7', '771', '75', '7', '-', 18, 5, 6, '2021-10-26', '2021-10-25 06:18:36', '2021-10-25 06:18:36'),
(290, '11:00', '10', '771', '70', '8', '-', 14, 4, 6, '2021-10-26', '2021-10-25 06:18:36', '2021-10-25 06:18:36'),
(291, '14:00', '12', '770', '65', '9', '-', 13, 4, 6, '2021-10-26', '2021-10-25 06:18:36', '2021-10-25 06:18:36'),
(292, '17:00', '14', '770', '60', '13', '-', 4, 4, 6, '2021-10-26', '2021-10-25 06:18:36', '2021-10-25 06:18:36'),
(293, '20:00', '10', '771', '70', '9', '-', 3, 4, 6, '2021-10-26', '2021-10-25 06:18:36', '2021-10-25 06:18:36'),
(294, '23:00', '9', '771', '80', '7', '-', 3, 4, 6, '2021-10-26', '2021-10-25 06:18:36', '2021-10-25 06:18:36'),
(295, '05:00', '10', '738', '50', '5', '-', 8, 2, 1, '2021-10-26', '2021-10-25 06:22:26', '2021-10-25 06:22:26'),
(296, '08:00', '11', '737', '45', '5', '-', 7, 2, 1, '2021-10-26', '2021-10-25 06:22:26', '2021-10-25 06:22:26'),
(297, '11:00', '17', '737', '40', '6', '-', 4, 2, 1, '2021-10-26', '2021-10-25 06:22:26', '2021-10-25 06:22:26'),
(298, '14:00', '19', '736', '45', '7', '-', 4, 2, 1, '2021-10-26', '2021-10-25 06:22:26', '2021-10-25 06:22:26'),
(299, '17:00', '21', '736', '50', '10', '-', 4, 2, 1, '2021-10-26', '2021-10-25 06:22:26', '2021-10-25 06:22:26'),
(300, '20:00', '15', '737', '55', '8', '-', 3, 5, 1, '2021-10-26', '2021-10-25 06:22:26', '2021-10-25 06:22:26'),
(301, '23:00', '13', '737', '60', '7', '-', 3, 5, 1, '2021-10-26', '2021-10-25 06:22:26', '2021-10-25 06:22:26'),
(302, '05:00', '9', '741', '80', '9', '-', 3, 2, 1, '2021-10-27', '2021-10-25 06:26:08', '2021-10-25 06:26:08'),
(303, '08:00', '8', '741', '75', '7', '-', 14, 2, 1, '2021-10-27', '2021-10-25 06:26:08', '2021-10-25 06:26:08'),
(304, '11:00', '9', '740', '70', '8', '-', 13, 2, 1, '2021-10-27', '2021-10-25 06:26:08', '2021-10-25 06:26:08'),
(305, '14:00', '10', '740', '65', '11', '-', 14, 2, 1, '2021-10-27', '2021-10-25 06:26:08', '2021-10-25 06:26:08'),
(306, '17:00', '12', '741', '75', '8', '-', 18, 2, 1, '2021-10-27', '2021-10-25 06:26:08', '2021-10-25 06:26:08'),
(307, '20:00', '10', '742', '80', '7', '-', 18, 2, 1, '2021-10-27', '2021-10-25 06:26:08', '2021-10-25 06:26:08'),
(308, '23:00', '9', '742', '85', '7', '-', 13, 2, 1, '2021-10-27', '2021-10-25 06:26:08', '2021-10-25 06:26:08'),
(309, '05:00', '10', '749', '85', '9', '-', 13, 2, 2, '2021-10-27', '2021-10-25 06:30:11', '2021-10-25 06:30:11'),
(310, '08:00', '8', '749', '80', '8', '-', 14, 2, 2, '2021-10-27', '2021-10-25 06:30:11', '2021-10-25 06:30:11'),
(311, '11:00', '10', '748', '75', '9', '-', 18, 2, 2, '2021-10-27', '2021-10-25 06:30:11', '2021-10-25 06:30:11'),
(312, '14:00', '13', '748', '70', '14', '-', 18, 2, 2, '2021-10-27', '2021-10-25 06:30:11', '2021-10-25 06:30:11'),
(313, '17:00', '16', '749', '80', '10', '-', 14, 2, 2, '2021-10-27', '2021-10-25 06:30:11', '2021-10-25 06:30:11'),
(314, '20:00', '11', '749', '85', '8', '-', 18, 2, 2, '2021-10-27', '2021-10-25 06:30:11', '2021-10-25 06:30:11'),
(315, '23:00', '9', '750', '90', '7', '-', 13, 2, 2, '2021-10-27', '2021-10-25 06:30:11', '2021-10-25 06:30:11'),
(316, '05:00', '10', '749', '60', '7', '-', 3, 6, 3, '2021-10-27', '2021-10-25 06:33:00', '2021-10-25 06:33:00'),
(317, '08:00', '8', '748', '55', '6', '-', 4, 2, 3, '2021-10-27', '2021-10-25 06:33:00', '2021-10-25 06:33:00'),
(318, '11:00', '15', '748', '50', '9', '-', 4, 2, 3, '2021-10-27', '2021-10-25 06:33:00', '2021-10-25 06:33:00'),
(319, '14:00', '17', '747', '55', '11', '-', 4, 2, 3, '2021-10-27', '2021-10-25 06:33:00', '2021-10-25 06:33:00'),
(320, '17:00', '20', '747', '60', '14', '-', 4, 2, 3, '2021-10-27', '2021-10-25 06:33:00', '2021-10-25 06:33:00'),
(321, '20:00', '12', '748', '65', '9', '-', 14, 6, 3, '2021-10-27', '2021-10-25 06:33:00', '2021-10-25 06:33:00'),
(322, '23:00', '10', '748', '70', '7', '-', 14, 2, 3, '2021-10-27', '2021-10-25 06:33:00', '2021-10-25 06:33:00'),
(323, '05:00', '9', '749', '60', '7', '-', 3, 6, 4, '2021-10-27', '2021-10-25 06:35:54', '2021-10-25 06:35:54'),
(324, '08:00', '7', '748', '55', '6', '-', 4, 2, 4, '2021-10-27', '2021-10-25 06:35:54', '2021-10-25 06:35:54'),
(325, '11:00', '14', '748', '50', '7', '-', 3, 2, 4, '2021-10-27', '2021-10-25 06:35:54', '2021-10-25 06:35:54'),
(326, '14:00', '16', '747', '55', '8', '-', 4, 2, 4, '2021-10-27', '2021-10-25 06:35:54', '2021-10-25 06:35:54'),
(327, '17:00', '21', '747', '60', '13', '-', 4, 6, 4, '2021-10-27', '2021-10-25 06:35:54', '2021-10-25 06:35:54'),
(328, '20:00', '14', '748', '65', '10', '-', 14, 2, 4, '2021-10-27', '2021-10-25 06:35:54', '2021-10-25 06:35:54'),
(329, '23:00', '11', '748', '70', '9', '-', 14, 2, 4, '2021-10-27', '2021-10-25 06:35:54', '2021-10-25 06:35:54'),
(330, '05:00', '6', '758', '65', '6', '-', 3, 4, 5, '2021-10-27', '2021-10-25 06:39:24', '2021-10-25 06:39:24'),
(331, '08:00', '4', '757', '60', '5', '-40', 13, 6, 5, '2021-10-27', '2021-10-25 06:39:25', '2021-10-25 06:39:25'),
(332, '11:00', '9', '757', '55', '7', '-', 4, 4, 5, '2021-10-27', '2021-10-25 06:39:25', '2021-10-25 06:39:25'),
(333, '14:00', '12', '756', '50', '8', '-45', 13, 4, 5, '2021-10-27', '2021-10-25 06:39:25', '2021-10-25 06:39:25'),
(334, '17:00', '14', '756', '60', '13', '-35', 13, 4, 5, '2021-10-27', '2021-10-25 06:39:25', '2021-10-25 06:39:25'),
(335, '20:00', '9', '757', '65', '7', '-', 14, 6, 5, '2021-10-27', '2021-10-25 06:39:25', '2021-10-25 06:39:25'),
(336, '23:00', '7', '757', '70', '5', '-', 3, 4, 5, '2021-10-27', '2021-10-25 06:39:25', '2021-10-25 06:39:25'),
(337, '05:00', '9', '773', '70', '7', '-', 3, 3, 6, '2021-10-28', '2021-10-26 05:31:31', '2021-10-26 05:31:31'),
(338, '08:00', '7', '772', '65', '8', '-', 4, 3, 6, '2021-10-28', '2021-10-26 05:31:31', '2021-10-26 05:31:31'),
(339, '11:00', '11', '772', '60', '9', '-', 4, 8, 6, '2021-10-28', '2021-10-26 05:31:31', '2021-10-26 05:31:31'),
(340, '14:00', '14', '771', '55', '13', '-', 4, 8, 6, '2021-10-28', '2021-10-26 05:31:31', '2021-10-26 05:31:31'),
(341, '17:00', '16', '771', '50', '10', '-', 7, 8, 6, '2021-10-28', '2021-10-26 05:31:31', '2021-10-26 05:31:31'),
(342, '20:00', '10', '772', '60', '8', '-', 8, 8, 6, '2021-10-28', '2021-10-26 05:31:31', '2021-10-26 05:31:31'),
(343, '23:00', '8', '772', '70', '7', '-', 3, 10, 6, '2021-10-28', '2021-10-26 05:31:31', '2021-10-26 05:31:31'),
(344, '05:00', '8', '749', '85', '7', '-', 13, 5, 2, '2021-10-28', '2021-10-26 05:35:03', '2021-10-26 05:35:03'),
(345, '08:00', '6', '749', '80', '7', '-', 14, 5, 2, '2021-10-28', '2021-10-26 05:35:03', '2021-10-26 05:35:03'),
(346, '11:00', '11', '748', '75', '9', '-', 13, 3, 2, '2021-10-28', '2021-10-26 05:35:03', '2021-10-26 05:35:03'),
(347, '14:00', '14', '748', '70', '12', '-', 4, 8, 2, '2021-10-28', '2021-10-26 05:35:03', '2021-10-26 05:35:03'),
(348, '17:00', '16', '749', '65', '8', '-', 4, 7, 2, '2021-10-28', '2021-10-26 05:35:03', '2021-10-26 05:35:03'),
(349, '20:00', '10', '749', '75', '7', '-', 3, 8, 2, '2021-10-28', '2021-10-26 05:35:03', '2021-10-26 05:35:03'),
(350, '23:00', '7', '750', '85', '6', '-', 3, 8, 2, '2021-10-28', '2021-10-26 05:35:03', '2021-10-26 05:35:03'),
(351, '05:00', '8', '754', '80', '6', '-', 13, 2, 3, '2021-10-28', '2021-10-26 05:38:28', '2021-10-26 05:38:28'),
(352, '08:00', '6', '753', '75', '7', '-', 14, 2, 3, '2021-10-28', '2021-10-26 05:38:28', '2021-10-26 05:38:28'),
(353, '11:00', '11', '753', '70', '9', '-', 13, 2, 3, '2021-10-28', '2021-10-26 05:38:28', '2021-10-26 05:38:28'),
(354, '14:00', '15', '752', '60', '13', '-', 14, 2, 3, '2021-10-28', '2021-10-26 05:38:28', '2021-10-26 05:38:28'),
(355, '17:00', '17', '752', '65', '10', '-', 4, 2, 3, '2021-10-28', '2021-10-26 05:38:28', '2021-10-26 05:38:28'),
(356, '20:00', '12', '753', '70', '8', '-', 3, 2, 3, '2021-10-28', '2021-10-26 05:38:28', '2021-10-26 05:38:28'),
(357, '23:00', '8', '753', '75', '6', '-', 3, 2, 3, '2021-10-28', '2021-10-26 05:38:28', '2021-10-26 05:38:28'),
(358, '05:00', '9', '757', '80', '8', '-', 13, 2, 4, '2021-10-28', '2021-10-26 05:41:56', '2021-10-26 05:41:56'),
(359, '08:00', '7', '756', '75', '9', '-', 13, 2, 4, '2021-10-28', '2021-10-26 05:41:56', '2021-10-26 05:41:56'),
(360, '11:00', '10', '756', '70', '10', '-', 14, 2, 4, '2021-10-28', '2021-10-26 05:41:56', '2021-10-26 05:41:56'),
(361, '14:00', '12', '756', '65', '14', '-', 13, 2, 4, '2021-10-28', '2021-10-26 05:41:56', '2021-10-26 05:41:56'),
(362, '17:00', '15', '755', '60', '9', '-', 4, 2, 4, '2021-10-28', '2021-10-26 05:41:56', '2021-10-26 05:41:56'),
(363, '20:00', '9', '756', '70', '8', '-', 3, 2, 4, '2021-10-28', '2021-10-26 05:41:56', '2021-10-26 05:41:56'),
(364, '23:00', '7', '756', '80', '7', '-', 3, 2, 4, '2021-10-28', '2021-10-26 05:41:56', '2021-10-26 05:41:56'),
(365, '05:00', '5', '767', '75', '6', '-', 3, 2, 5, '2021-10-28', '2021-10-26 05:49:02', '2021-10-26 05:49:02'),
(366, '08:00', '3', '766', '70', '6', '-', 4, 2, 5, '2021-10-28', '2021-10-26 05:49:02', '2021-10-26 05:49:02'),
(367, '11:00', '9', '766', '65', '8', '-', 4, 2, 5, '2021-10-28', '2021-10-26 05:49:02', '2021-10-26 05:49:02'),
(368, '14:00', '12', '765', '55', '12', '-', 4, 2, 5, '2021-10-28', '2021-10-26 05:49:02', '2021-10-26 05:49:02'),
(369, '17:00', '14', '765', '60', '7', '-', 4, 2, 5, '2021-10-28', '2021-10-26 05:49:02', '2021-10-26 05:49:02'),
(370, '20:00', '8', '766', '65', '6', '-', 8, 2, 5, '2021-10-28', '2021-10-26 05:49:02', '2021-10-26 05:49:02'),
(371, '23:00', '5', '766', '70', '4', '-', 3, 2, 5, '2021-10-28', '2021-10-26 05:49:02', '2021-10-26 05:49:02'),
(372, '05:00', '6', '741', '80', '7', '-', 14, 5, 1, '2021-10-28', '2021-10-26 05:52:27', '2021-10-26 05:52:27'),
(373, '08:00', '7', '740', '75', '6', '-', 14, 5, 1, '2021-10-28', '2021-10-26 05:52:27', '2021-10-26 05:52:27'),
(374, '11:00', '10', '740', '70', '7', '-', 4, 3, 1, '2021-10-28', '2021-10-26 05:52:27', '2021-10-26 05:52:27'),
(375, '14:00', '12', '739', '65', '8', '-', 4, 8, 1, '2021-10-28', '2021-10-26 05:52:27', '2021-10-26 05:52:27'),
(376, '17:00', '14', '739', '60', '10', '-', 4, 8, 1, '2021-10-28', '2021-10-26 05:52:27', '2021-10-26 05:52:27'),
(377, '20:00', '11', '740', '70', '7', '-', 3, 8, 1, '2021-10-28', '2021-10-26 05:52:27', '2021-10-26 05:52:27'),
(378, '23:00', '8', '740', '80', '5', '-', 3, 8, 1, '2021-10-28', '2021-10-26 05:52:27', '2021-10-26 05:52:27'),
(379, '05:00', '-1', '741', '75', '6', '-', 3, 4, 1, '2021-10-29', '2021-10-27 07:01:19', '2021-12-26 04:09:26'),
(380, '08:00', '-3', '740', '70', '7', '-', 3, 4, 1, '2021-10-29', '2021-10-27 07:01:19', '2021-12-26 04:09:51'),
(381, '11:00', '3', '740', '65', '8', '-', 14, 3, 1, '2021-10-29', '2021-10-27 07:01:19', '2021-12-26 04:10:18'),
(382, '14:00', '7', '739', '60', '8', '-', 7, 3, 1, '2021-10-29', '2021-10-27 07:01:19', '2021-12-26 04:10:50'),
(383, '17:00', '7', '739', '65', '9', '-', 4, 3, 1, '2021-10-29', '2021-10-27 07:01:19', '2021-12-26 04:11:26'),
(384, '20:00', '5', '740', '65', '7', '-', 3, 3, 1, '2021-10-29', '2021-10-27 07:01:19', '2021-12-26 04:08:49'),
(385, '23:00', '2', '740', '75', '6', '-', 3, 3, 1, '2021-10-29', '2021-10-27 07:01:19', '2021-12-26 04:09:07'),
(386, '05:00', '0', '753', '80', '6', '-', 3, 4, 2, '2021-10-29', '2021-10-27 07:08:25', '2021-12-26 04:15:41'),
(387, '08:00', '-4', '750', '85', '6', '-', 3, 12, 2, '2021-10-29', '2021-10-27 07:08:25', '2021-12-26 02:25:35'),
(388, '11:00', '3', '752', '70', '9', '-', 14, 3, 2, '2021-10-29', '2021-10-27 07:08:25', '2021-12-26 04:17:10'),
(389, '14:00', '8', '751', '65', '14', '-', 7, 10, 2, '2021-10-29', '2021-10-27 07:08:25', '2021-12-26 04:17:37'),
(390, '17:00', '6', '749', '70', '12', '-', 4, 10, 2, '2021-10-29', '2021-10-27 07:08:25', '2021-12-24 08:44:48'),
(391, '20:00', '6', '752', '70', '7', '-', 3, 10, 2, '2021-10-29', '2021-10-27 07:08:25', '2021-12-26 04:18:08'),
(392, '23:00', '3', '752', '80', '7', '-', 3, 10, 2, '2021-10-29', '2021-10-27 07:08:25', '2021-12-26 04:18:29'),
(393, '05:00', '6', '747', '75', '5', '-', 8, 8, 3, '2021-10-29', '2021-10-27 07:12:02', '2021-12-22 08:08:43'),
(394, '08:00', '1', '746', '70', '6', '-', 3, 8, 3, '2021-10-29', '2021-10-27 07:12:02', '2021-12-22 08:08:35'),
(395, '11:00', '11', '746', '65', '7', '-', 4, 8, 3, '2021-10-29', '2021-10-27 07:12:02', '2021-12-22 08:08:25'),
(396, '14:00', '15', '745', '55', '10', '-', 4, 8, 3, '2021-10-29', '2021-10-27 07:12:02', '2021-12-22 08:08:16'),
(397, '17:00', '17', '745', '65', '12', '-', 4, 8, 3, '2021-10-29', '2021-10-27 07:12:02', '2021-12-22 08:08:09'),
(398, '20:00', '12', '746', '70', '9', '-', 3, 3, 3, '2021-10-29', '2021-10-27 07:12:02', '2021-12-22 08:07:52'),
(399, '23:00', '7', '746', '75', '7', '-', 3, 3, 3, '2021-10-29', '2021-10-27 07:12:02', '2021-12-22 08:07:43'),
(400, '05:00', '4', '750', '75', '6', '-', 3, 8, 4, '2021-10-29', '2021-10-27 07:14:50', '2021-12-22 08:06:25'),
(401, '08:00', '-1', '749', '70', '7', '-', 3, 3, 4, '2021-10-29', '2021-10-27 07:14:50', '2021-12-22 08:06:34'),
(402, '11:00', '6', '749', '60', '9', '-', 4, 3, 4, '2021-10-29', '2021-10-27 07:14:50', '2021-12-22 08:06:46'),
(403, '14:00', '11', '748', '55', '12', '-', 4, 8, 4, '2021-10-29', '2021-10-27 07:14:50', '2021-12-22 08:06:55'),
(404, '17:00', '15', '748', '60', '8', '-', 4, 8, 4, '2021-10-29', '2021-10-27 07:14:50', '2021-12-22 08:07:04'),
(405, '20:00', '9', '749', '65', '7', '-', 3, 8, 4, '2021-10-29', '2021-10-27 07:14:50', '2021-12-22 08:07:15'),
(406, '23:00', '4', '749', '70', '6', '-', 3, 8, 4, '2021-10-29', '2021-10-27 07:14:50', '2021-12-22 08:07:32'),
(407, '05:00', '-6', '763', '90', '8', '-', 3, 12, 5, '2021-10-29', '2021-10-27 07:18:06', '2021-12-26 04:04:20'),
(408, '08:00', '-11', '762', '85', '9', '-', 7, 12, 5, '2021-10-29', '2021-10-27 07:18:06', '2021-12-26 04:04:31'),
(409, '11:00', '-4', '762', '80', '10', '-', 4, 12, 5, '2021-10-29', '2021-10-27 07:18:06', '2021-12-26 04:04:44'),
(410, '14:00', '-1', '761', '70', '13', '-', 4, 12, 5, '2021-10-29', '2021-10-27 07:18:06', '2021-12-26 04:04:51'),
(411, '17:00', '+3', '761', '75', '10', '-', 4, 12, 5, '2021-10-29', '2021-10-27 07:18:06', '2021-12-26 02:27:13'),
(412, '20:00', '-2', '762', '80', '8', '-', 3, 2, 5, '2021-10-29', '2021-10-27 07:18:06', '2021-12-26 04:05:06'),
(413, '23:00', '-3', '762', '85', '7', '-', 8, 4, 5, '2021-10-29', '2021-10-27 07:18:06', '2021-12-26 04:05:18'),
(414, '05:00', '1', '766', '80', '8', '-', 3, 8, 6, '2021-10-29', '2021-10-27 07:21:25', '2021-12-26 04:12:10'),
(415, '08:00', '-1', '767', '85', '8', '-', 3, 4, 6, '2021-10-29', '2021-10-27 07:21:25', '2021-12-26 02:27:52'),
(416, '11:00', '4', '767', '80', '10', '-', 14, 4, 6, '2021-10-29', '2021-10-27 07:21:25', '2021-12-22 08:13:50'),
(417, '14:00', '6', '766', '70', '14', '-', 4, 4, 6, '2021-10-29', '2021-10-27 07:21:25', '2021-12-26 02:27:59'),
(418, '17:00', '9', '766', '75', '9', '-', 4, 4, 6, '2021-10-29', '2021-10-27 07:21:25', '2021-12-22 08:13:34'),
(419, '20:00', '6', '765', '80', '8', '-', 3, 8, 6, '2021-10-29', '2021-10-27 07:21:25', '2021-12-26 04:14:43'),
(420, '23:00', '3', '765', '80', '7', '-', 3, 4, 6, '2021-10-29', '2021-10-27 07:21:25', '2021-12-26 04:15:05'),
(421, '05:00', '2', '765', '75', '8', '-', 3, 8, 6, '2021-10-30', '2021-10-28 06:48:11', '2021-12-26 03:46:03'),
(422, '08:00', '-4', '765', '85', '9', '-', 3, 8, 6, '2021-10-30', '2021-10-28 06:48:11', '2021-12-26 04:12:28'),
(423, '11:00', '3', '765', '80', '10', '-', 4, 3, 6, '2021-10-30', '2021-10-28 06:48:11', '2021-12-26 04:12:49'),
(424, '14:00', '9', '764', '75', '14', '-', 4, 10, 6, '2021-10-30', '2021-10-28 06:48:11', '2021-12-26 04:13:13'),
(425, '17:00', '14', '764', '65', '9', '-', 7, 8, 6, '2021-10-30', '2021-10-28 06:48:11', '2021-12-26 04:13:36'),
(426, '20:00', '7', '764', '65', '8', '-', 3, 8, 6, '2021-10-30', '2021-10-28 06:48:11', '2021-12-26 03:48:24'),
(427, '23:00', '4', '764', '75', '4', '-', 3, 8, 6, '2021-10-30', '2021-10-28 06:48:11', '2021-12-26 03:48:42'),
(428, '05:00', '2', '750', '75', '6', '-', 3, 3, 2, '2021-10-30', '2021-10-28 06:52:39', '2021-12-26 03:49:16'),
(429, '08:00', '-5', '752', '75', '7', '-', 3, 4, 2, '2021-10-30', '2021-10-28 06:52:39', '2021-12-26 04:16:03'),
(430, '11:00', '3', '752', '70', '9', '-', 4, 10, 2, '2021-10-30', '2021-10-28 06:52:39', '2021-12-26 04:16:36'),
(431, '14:00', '8', '748', '60', '11', '-', 4, 2, 2, '2021-10-30', '2021-10-28 06:52:39', '2021-12-26 03:50:27'),
(432, '17:00', '8', '748', '55', '13', '-', 4, 10, 2, '2021-10-30', '2021-10-28 06:52:39', '2021-12-26 03:50:53'),
(433, '20:00', '13', '748', '90', '9', '-', 8, 3, 2, '2021-10-30', '2021-10-28 06:52:39', '2021-12-26 03:51:22'),
(434, '23:00', '4', '749', '75', '8', '-', 3, 10, 2, '2021-10-30', '2021-10-28 06:52:39', '2021-12-26 03:51:49'),
(435, '05:00', '2', '752', '75', '6', '-', 3, 3, 3, '2021-10-30', '2021-10-28 06:55:49', '2021-12-26 03:52:45'),
(436, '08:00', '-3', '751', '70', '6', '-', 3, 3, 3, '2021-10-30', '2021-10-28 06:55:49', '2021-12-26 03:53:09'),
(437, '11:00', '2', '751', '65', '7', '-', 7, 10, 3, '2021-10-30', '2021-10-28 06:55:49', '2021-12-26 03:53:38'),
(438, '14:00', '7', '750', '55', '12', '-', 4, 10, 3, '2021-10-30', '2021-10-28 06:55:49', '2021-12-26 03:54:15'),
(439, '17:00', '12', '750', '65', '9', '-', 7, 10, 3, '2021-10-30', '2021-10-28 06:55:49', '2021-12-26 03:54:49'),
(440, '20:00', '12', '750', '65', '9', '-', 3, 10, 3, '2021-10-30', '2021-10-28 06:55:49', '2021-12-26 03:55:15'),
(441, '23:00', '3', '751', '75', '7', '-', 3, 10, 3, '2021-10-30', '2021-10-28 06:55:49', '2021-12-26 03:55:40'),
(442, '05:00', '1', '754', '80', '6', '-', 3, 10, 4, '2021-10-30', '2021-10-28 06:59:40', '2021-12-26 03:56:30'),
(443, '08:00', '-4', '753', '75', '8', '-', 8, 3, 4, '2021-10-30', '2021-10-28 06:59:40', '2021-12-26 03:56:55'),
(444, '11:00', '2', '753', '70', '9', '-', 7, 3, 4, '2021-10-30', '2021-10-28 06:59:40', '2021-12-26 03:57:19'),
(445, '14:00', '6', '752', '60', '13', '-', 4, 3, 4, '2021-10-30', '2021-10-28 06:59:40', '2021-12-26 03:57:58'),
(446, '17:00', '11', '752', '65', '8', '-', 4, 10, 4, '2021-10-30', '2021-10-28 06:59:40', '2021-12-26 03:59:05'),
(447, '20:00', '7', '753', '70', '7', '-', 3, 10, 4, '2021-10-30', '2021-10-28 06:59:40', '2021-12-26 03:59:24'),
(448, '23:00', '2', '753', '75', '6', '-', 3, 3, 4, '2021-10-30', '2021-10-28 06:59:40', '2021-12-26 03:59:47'),
(449, '05:00', '-1', '763', '70', '7', '-', 3, 8, 5, '2021-10-30', '2021-10-28 07:03:22', '2021-12-26 04:00:22'),
(450, '08:00', '-6', '762', '75', '6', '-', 4, 3, 5, '2021-10-30', '2021-10-28 07:03:22', '2021-12-26 04:00:52'),
(451, '11:00', '-1', '762', '70', '8', '-', 7, 10, 5, '2021-10-30', '2021-10-28 07:03:22', '2021-12-26 04:02:08'),
(452, '14:00', '0', '761', '65', '12', '-', 4, 8, 5, '2021-10-30', '2021-10-28 07:03:22', '2021-12-26 04:02:38'),
(453, '17:00', '4', '761', '55', '9', '-', 4, 8, 5, '2021-10-30', '2021-10-28 07:03:22', '2021-12-26 04:03:01'),
(454, '20:00', '-3', '762', '65', '6', '-', 3, 4, 5, '2021-10-30', '2021-10-28 07:03:22', '2021-12-26 04:03:26'),
(455, '23:00', '-5', '762', '75', '7', '-', 3, 8, 5, '2021-10-30', '2021-10-28 07:03:22', '2021-12-26 04:03:52'),
(484, '05:00', '-1', '741', '75', '6', '-', 3, 4, 1, '2021-10-30', '2021-10-28 07:13:46', '2021-12-26 03:39:37'),
(492, '08:00', '-3', '740', '70', '7', '-', 3, 4, 1, '2021-10-30', '2021-10-28 07:13:47', '2021-12-26 03:40:11'),
(493, '11:00', '3', '740', '65', '8', '-', 4, 3, 1, '2021-10-30', '2021-10-28 07:13:47', '2021-12-26 03:40:54'),
(494, '14:00', '9', '739', '60', '12', '-', 7, 3, 1, '2021-10-30', '2021-10-28 07:13:47', '2021-12-26 03:41:28'),
(495, '17:00', '7', '739', '55', '9', '-', 7, 3, 1, '2021-10-30', '2021-10-28 07:13:47', '2021-12-26 04:11:15'),
(496, '20:00', '6', '741', '60', '8', '-', 8, 10, 1, '2021-10-30', '2021-10-28 07:13:47', '2021-12-26 03:44:34'),
(497, '23:00', '3', '741', '70', '6', '-', 3, 10, 1, '2021-10-30', '2021-10-28 07:13:47', '2021-12-26 03:45:04'),
(498, '05:00', '11', '776', '75', '6', '-', 3, 4, 6, '2021-10-31', '2021-10-29 05:50:28', '2021-10-29 05:50:28'),
(499, '08:00', '9', '775', '70', '7', '-', 4, 8, 6, '2021-10-31', '2021-10-29 05:50:28', '2021-10-29 05:50:28'),
(500, '11:00', '12', '775', '65', '8', '-', 4, 8, 6, '2021-10-31', '2021-10-29 05:50:28', '2021-10-29 05:50:28'),
(501, '14:00', '17', '774', '55', '10', '-', 7, 8, 6, '2021-10-31', '2021-10-29 05:50:28', '2021-10-29 05:50:28'),
(502, '17:00', '20', '774', '65', '12', '-', 7, 8, 6, '2021-10-31', '2021-10-29 05:50:28', '2021-10-29 05:50:28'),
(503, '20:00', '15', '775', '70', '8', '-', 3, 10, 6, '2021-10-31', '2021-10-29 05:50:28', '2021-10-29 05:50:28'),
(504, '23:00', '13', '775', '75', '6', '-', 8, 10, 6, '2021-10-31', '2021-10-29 05:50:28', '2021-10-29 05:50:28'),
(505, '05:00', '8', '756', '70', '4', '-', 3, 6, 3, '2021-10-31', '2021-10-29 06:05:53', '2021-10-29 06:05:53'),
(506, '08:00', '6', '755', '65', '6', '-', 4, 6, 3, '2021-10-31', '2021-10-29 06:05:53', '2021-10-29 06:05:53'),
(507, '11:00', '15', '755', '60', '7', '-', 4, 4, 3, '2021-10-31', '2021-10-29 06:05:53', '2021-10-29 06:05:53'),
(508, '14:00', '17', '754', '50', '9', '-', 7, 4, 3, '2021-10-31', '2021-10-29 06:05:53', '2021-10-29 06:05:53'),
(509, '17:00', '20', '754', '55', '11', '-', 7, 4, 3, '2021-10-31', '2021-10-29 06:05:53', '2021-10-29 06:05:53'),
(510, '20:00', '13', '755', '60', '8', '-', 3, 4, 3, '2021-10-31', '2021-10-29 06:05:53', '2021-10-29 06:05:53'),
(511, '23:00', '10', '755', '65', '7', '-', 3, 4, 3, '2021-10-31', '2021-10-29 06:05:53', '2021-10-29 06:05:53'),
(512, '05:00', '7', '757', '80', '6', '-', 14, 4, 4, '2021-10-31', '2021-10-29 06:11:32', '2021-10-29 06:11:32'),
(513, '08:00', '4', '756', '75', '7', '-', 4, 6, 4, '2021-10-31', '2021-10-29 06:11:32', '2021-10-29 06:11:32'),
(514, '11:00', '14', '756', '70', '8', '-', 4, 6, 4, '2021-10-31', '2021-10-29 06:11:32', '2021-10-29 06:11:32'),
(515, '14:00', '17', '755', '60', '12', '-', 4, 4, 4, '2021-10-31', '2021-10-29 06:11:32', '2021-10-29 06:11:32'),
(516, '17:00', '19', '755', '65', '9', '-', 4, 4, 4, '2021-10-31', '2021-10-29 06:11:32', '2021-10-29 06:11:32'),
(517, '20:00', '13', '756', '70', '6', '-', 3, 4, 4, '2021-10-31', '2021-10-29 06:11:32', '2021-10-29 06:11:32'),
(518, '23:00', '9', '756', '75', '5', '-', 3, 4, 4, '2021-10-31', '2021-10-29 06:11:32', '2021-10-29 06:11:32');
INSERT INTO `caks` (`id`, `time`, `temp`, `basys`, `cyg`, `tizlik`, `aht`, `hyagday_id`, `ugur_id`, `wel_id`, `date`, `created_at`, `updated_at`) VALUES
(519, '05:00', '4', '770', '75', '4', '-', 8, 6, 5, '2021-10-31', '2021-10-29 06:15:56', '2021-10-29 06:15:56'),
(520, '08:00', '1', '769', '70', '4', '-', 7, 6, 5, '2021-10-31', '2021-10-29 06:15:56', '2021-10-29 06:15:56'),
(521, '11:00', '9', '769', '65', '6', '-', 7, 4, 5, '2021-10-31', '2021-10-29 06:15:56', '2021-10-29 06:15:56'),
(522, '14:00', '12', '768', '60', '8', '-', 7, 4, 5, '2021-10-31', '2021-10-29 06:15:56', '2021-10-29 06:15:56'),
(523, '17:00', '16', '768', '55', '11', '-', 7, 4, 5, '2021-10-31', '2021-10-29 06:15:56', '2021-10-29 06:15:56'),
(524, '20:00', '11', '769', '60', '7', '-', 8, 4, 5, '2021-10-31', '2021-10-29 06:15:56', '2021-10-29 06:15:56'),
(525, '23:00', '8', '769', '65', '5', '-', 8, 4, 5, '2021-10-31', '2021-10-29 06:15:56', '2021-10-29 06:15:56'),
(526, '05:00', '7', '744', '70', '5', '-', 3, 5, 1, '2021-10-31', '2021-10-29 06:22:06', '2021-10-29 06:22:06'),
(527, '08:00', '9', '743', '65', '4', '-', 4, 5, 1, '2021-10-31', '2021-10-29 06:22:06', '2021-10-29 06:22:06'),
(528, '11:00', '13', '743', '60', '6', '-', 7, 5, 1, '2021-10-31', '2021-10-29 06:22:06', '2021-10-29 06:22:06'),
(529, '14:00', '15', '742', '55', '8', '-', 7, 5, 1, '2021-10-31', '2021-10-29 06:22:06', '2021-10-29 06:22:06'),
(530, '17:00', '17', '742', '50', '7', '-', 2, 5, 1, '2021-10-31', '2021-10-29 06:22:06', '2021-10-29 06:22:06'),
(531, '20:00', '14', '743', '55', '6', '-', 8, 5, 1, '2021-10-31', '2021-10-29 06:22:06', '2021-10-29 06:22:06'),
(532, '23:00', '12', '743', '60', '4', '-', 8, 5, 1, '2021-10-31', '2021-10-29 06:22:06', '2021-10-29 06:22:06'),
(533, '05:00', '6', '741', '65', '6', '-', 8, 4, 1, '2021-11-01', '2021-10-31 06:48:59', '2021-10-31 06:48:59'),
(534, '08:00', '7', '740', '60', '6', '-', 4, 4, 1, '2021-11-01', '2021-10-31 06:48:59', '2021-10-31 06:48:59'),
(535, '11:00', '13', '740', '55', '7', '-', 4, 10, 1, '2021-11-01', '2021-10-31 06:48:59', '2021-10-31 06:48:59'),
(536, '14:00', '17', '739', '50', '8', '-', 7, 10, 1, '2021-11-01', '2021-10-31 06:48:59', '2021-10-31 06:48:59'),
(537, '17:00', '18', '739', '45', '10', '-', 7, 10, 1, '2021-11-01', '2021-10-31 06:48:59', '2021-10-31 06:48:59'),
(538, '20:00', '15', '740', '55', '7', '-', 3, 10, 1, '2021-11-01', '2021-10-31 06:48:59', '2021-10-31 06:48:59'),
(539, '23:00', '12', '740', '65', '5', '-', 3, 10, 1, '2021-11-01', '2021-10-31 06:48:59', '2021-10-31 06:48:59'),
(540, '05:00', '8', '757', '65', '6', '-', 8, 4, 2, '2021-11-01', '2021-10-31 06:50:43', '2021-10-31 06:50:43'),
(541, '08:00', '7', '756', '60', '6', '-', 7, 4, 2, '2021-11-01', '2021-10-31 06:50:43', '2021-10-31 06:50:43'),
(542, '11:00', '13', '756', '55', '7', '-', 7, 2, 2, '2021-11-01', '2021-10-31 06:50:43', '2021-10-31 06:50:43'),
(543, '14:00', '17', '755', '50', '8', '-', 4, 3, 2, '2021-11-01', '2021-10-31 06:50:43', '2021-10-31 06:50:43'),
(544, '17:00', '20', '755', '45', '13', '-', 4, 3, 2, '2021-11-01', '2021-10-31 06:50:43', '2021-10-31 06:50:43'),
(545, '20:00', '15', '756', '55', '7', '-', 3, 10, 2, '2021-11-01', '2021-10-31 06:50:43', '2021-10-31 06:50:43'),
(546, '23:00', '12', '756', '65', '6', '-', 3, 10, 2, '2021-11-01', '2021-10-31 06:50:43', '2021-10-31 06:50:43'),
(547, '05:00', '9', '755', '65', '6', '-', 3, 3, 2, '2021-11-02', '2021-10-31 06:53:39', '2021-10-31 06:53:39'),
(548, '08:00', '8', '754', '70', '7', '-', 4, 3, 2, '2021-11-02', '2021-10-31 06:53:39', '2021-10-31 06:53:39'),
(549, '11:00', '16', '754', '60', '7', '-', 4, 3, 2, '2021-11-02', '2021-10-31 06:53:39', '2021-10-31 06:53:39'),
(550, '14:00', '20', '753', '55', '10', '-', 4, 3, 2, '2021-11-02', '2021-10-31 06:53:39', '2021-10-31 06:53:39'),
(551, '17:00', '21', '753', '50', '12', '-', 4, 3, 2, '2021-11-02', '2021-10-31 06:53:39', '2021-10-31 06:53:39'),
(552, '20:00', '17', '754', '55', '9', '-', 3, 4, 2, '2021-11-02', '2021-10-31 06:53:39', '2021-10-31 06:53:39'),
(553, '23:00', '15', '754', '60', '6', '-', 3, 4, 2, '2021-11-02', '2021-10-31 06:53:39', '2021-10-31 06:53:39'),
(554, '05:00', '8', '739', '65', '6', '-', 3, 3, 1, '2021-11-02', '2021-10-31 06:54:02', '2021-10-31 06:54:02'),
(555, '08:00', '9', '738', '70', '7', '-', 4, 3, 1, '2021-11-02', '2021-10-31 06:54:02', '2021-10-31 06:54:02'),
(556, '11:00', '14', '738', '60', '7', '-', 4, 3, 1, '2021-11-02', '2021-10-31 06:54:02', '2021-10-31 06:54:02'),
(557, '14:00', '16', '737', '55', '10', '-', 4, 3, 1, '2021-11-02', '2021-10-31 06:54:02', '2021-10-31 06:54:02'),
(558, '17:00', '18', '737', '50', '8', '-', 4, 3, 1, '2021-11-02', '2021-10-31 06:54:02', '2021-10-31 06:54:02'),
(559, '20:00', '16', '738', '55', '7', '-', 3, 4, 1, '2021-11-02', '2021-10-31 06:54:02', '2021-10-31 06:54:02'),
(560, '23:00', '13', '738', '60', '6', '-', 3, 4, 1, '2021-11-02', '2021-10-31 06:54:02', '2021-10-31 06:54:02'),
(561, '05:00', '6', '754', '60', '4', '-', 3, 3, 3, '2021-11-01', '2021-10-31 06:57:15', '2021-10-31 06:57:15'),
(562, '08:00', '4', '753', '55', '6', '-', 7, 3, 3, '2021-11-01', '2021-10-31 06:57:15', '2021-10-31 06:57:15'),
(563, '11:00', '13', '753', '50', '7', '-', 7, 8, 3, '2021-11-01', '2021-10-31 06:57:15', '2021-10-31 06:57:15'),
(564, '14:00', '18', '752', '45', '11', '-', 2, 8, 3, '2021-11-01', '2021-10-31 06:57:15', '2021-10-31 06:57:15'),
(565, '17:00', '21', '752', '40', '8', '-', 7, 3, 3, '2021-11-01', '2021-10-31 06:57:15', '2021-10-31 06:57:15'),
(566, '20:00', '16', '753', '50', '6', '-', 8, 10, 3, '2021-11-01', '2021-10-31 06:57:15', '2021-10-31 06:57:15'),
(567, '23:00', '11', '753', '60', '7', '-', 3, 10, 3, '2021-11-01', '2021-10-31 06:57:15', '2021-10-31 06:57:15'),
(568, '05:00', '4', '756', '65', '6', '-', 3, 4, 4, '2021-11-01', '2021-10-31 06:59:20', '2021-10-31 06:59:20'),
(569, '08:00', '2', '755', '60', '5', '-', 8, 4, 4, '2021-11-01', '2021-10-31 06:59:20', '2021-10-31 06:59:20'),
(570, '11:00', '13', '755', '55', '7', '-', 7, 4, 4, '2021-11-01', '2021-10-31 06:59:20', '2021-10-31 06:59:20'),
(571, '14:00', '17', '754', '50', '8', '-', 7, 4, 4, '2021-11-01', '2021-10-31 06:59:20', '2021-10-31 06:59:20'),
(572, '17:00', '20', '754', '45', '11', '-', 2, 4, 4, '2021-11-01', '2021-10-31 06:59:20', '2021-10-31 06:59:20'),
(573, '20:00', '15', '755', '55', '7', '-', 7, 3, 4, '2021-11-01', '2021-10-31 06:59:20', '2021-10-31 06:59:20'),
(574, '23:00', '10', '755', '65', '6', '-', 8, 3, 4, '2021-11-01', '2021-10-31 06:59:20', '2021-10-31 06:59:20'),
(575, '05:00', '8', '752', '55', '4', '-', 8, 3, 3, '2021-11-02', '2021-10-31 07:00:01', '2021-10-31 07:00:01'),
(576, '08:00', '6', '751', '50', '6', '-', 7, 3, 3, '2021-11-02', '2021-10-31 07:00:01', '2021-10-31 07:00:01'),
(577, '11:00', '15', '751', '45', '8', '-', 7, 8, 3, '2021-11-02', '2021-10-31 07:00:01', '2021-10-31 07:00:01'),
(578, '14:00', '20', '750', '40', '11', '-', 4, 8, 3, '2021-11-02', '2021-10-31 07:00:01', '2021-10-31 07:00:01'),
(579, '17:00', '22', '750', '35', '13', '-', 4, 8, 3, '2021-11-02', '2021-10-31 07:00:01', '2021-10-31 07:00:01'),
(580, '20:00', '17', '751', '45', '9', '-', 3, 8, 3, '2021-11-02', '2021-10-31 07:00:01', '2021-10-31 07:00:01'),
(581, '23:00', '14', '751', '55', '7', '-', 3, 8, 3, '2021-11-02', '2021-10-31 07:00:01', '2021-10-31 07:00:01'),
(582, '05:00', '4', '767', '60', '5', '-', 8, 3, 5, '2021-11-01', '2021-10-31 07:02:31', '2021-10-31 07:02:31'),
(583, '08:00', '1', '766', '55', '6', '-', 7, 3, 5, '2021-11-01', '2021-10-31 07:02:31', '2021-10-31 07:02:31'),
(584, '11:00', '10', '766', '50', '7', '-', 7, 3, 5, '2021-11-01', '2021-10-31 07:02:31', '2021-10-31 07:02:31'),
(585, '14:00', '13', '765', '45', '12', '-', 4, 3, 5, '2021-11-01', '2021-10-31 07:02:31', '2021-10-31 07:02:31'),
(586, '17:00', '16', '765', '40', '8', '-', 4, 3, 5, '2021-11-01', '2021-10-31 07:02:31', '2021-10-31 07:02:31'),
(587, '20:00', '11', '766', '50', '6', '-', 3, 10, 5, '2021-11-01', '2021-10-31 07:02:31', '2021-10-31 07:02:31'),
(588, '23:00', '7', '766', '60', '7', '-', 3, 10, 5, '2021-11-01', '2021-10-31 07:02:31', '2021-10-31 07:02:31'),
(589, '05:00', '6', '754', '60', '6', '-', 3, 4, 4, '2021-11-02', '2021-10-31 07:04:38', '2021-10-31 07:04:38'),
(590, '08:00', '5', '753', '55', '5', '-', 7, 4, 4, '2021-11-02', '2021-10-31 07:04:38', '2021-10-31 07:04:38'),
(591, '11:00', '15', '753', '50', '7', '-', 7, 3, 4, '2021-11-02', '2021-10-31 07:04:38', '2021-10-31 07:04:38'),
(592, '14:00', '18', '752', '45', '8', '-', 7, 10, 4, '2021-11-02', '2021-10-31 07:04:38', '2021-10-31 07:04:38'),
(593, '17:00', '20', '752', '40', '12', '-', 4, 10, 4, '2021-11-02', '2021-10-31 07:04:38', '2021-10-31 07:04:38'),
(594, '20:00', '17', '753', '50', '7', '-', 4, 10, 4, '2021-11-02', '2021-10-31 07:04:38', '2021-10-31 07:04:38'),
(595, '23:00', '13', '753', '60', '6', '-', 3, 10, 4, '2021-11-02', '2021-10-31 07:04:38', '2021-10-31 07:04:38'),
(596, '05:00', '5', '765', '55', '6', '-', 3, 3, 5, '2021-11-02', '2021-10-31 07:05:15', '2021-10-31 07:05:15'),
(597, '08:00', '3', '764', '50', '7', '-', 7, 3, 5, '2021-11-02', '2021-10-31 07:05:15', '2021-10-31 07:05:15'),
(598, '11:00', '11', '764', '45', '8', '-', 7, 3, 5, '2021-11-02', '2021-10-31 07:05:15', '2021-10-31 07:05:15'),
(599, '14:00', '14', '763', '40', '11', '-', 7, 3, 5, '2021-11-02', '2021-10-31 07:05:15', '2021-10-31 07:05:15'),
(600, '17:00', '16', '763', '35', '13', '-', 4, 3, 5, '2021-11-02', '2021-10-31 07:05:15', '2021-10-31 07:05:15'),
(601, '20:00', '13', '764', '45', '9', '-', 3, 4, 5, '2021-11-02', '2021-10-31 07:05:15', '2021-10-31 07:05:15'),
(602, '23:00', '10', '764', '55', '7', '-', 3, 4, 5, '2021-11-02', '2021-10-31 07:05:15', '2021-10-31 07:05:15'),
(603, '05:00', '12', '772', '60', '7', '-', 3, 3, 6, '2021-11-01', '2021-10-31 07:08:14', '2021-10-31 07:08:14'),
(604, '08:00', '10', '771', '55', '8', '-', 4, 3, 6, '2021-11-01', '2021-10-31 07:08:14', '2021-10-31 07:08:14'),
(605, '11:00', '16', '771', '50', '9', '-', 4, 8, 6, '2021-11-01', '2021-10-31 07:08:14', '2021-10-31 07:08:14'),
(606, '14:00', '20', '770', '45', '14', '-', 4, 3, 6, '2021-11-01', '2021-10-31 07:08:14', '2021-10-31 07:08:14'),
(607, '17:00', '23', '770', '40', '10', '-', 4, 3, 6, '2021-11-01', '2021-10-31 07:08:14', '2021-10-31 07:08:14'),
(608, '20:00', '18', '771', '50', '7', '-', 3, 8, 6, '2021-11-01', '2021-10-31 07:08:14', '2021-10-31 07:08:14'),
(609, '23:00', '15', '771', '60', '7', '-', 8, 10, 6, '2021-11-01', '2021-10-31 07:08:14', '2021-10-31 07:08:14'),
(610, '05:00', '14', '770', '65', '7', '-', 8, 4, 6, '2021-11-02', '2021-10-31 07:10:39', '2021-10-31 07:10:39'),
(611, '08:00', '9', '769', '60', '8', '-', 4, 4, 6, '2021-11-02', '2021-10-31 07:10:39', '2021-10-31 07:10:39'),
(612, '11:00', '16', '769', '55', '9', '-', 4, 4, 6, '2021-11-02', '2021-10-31 07:10:39', '2021-10-31 07:10:39'),
(613, '14:00', '21', '768', '50', '11', '-', 4, 4, 6, '2021-11-02', '2021-10-31 07:10:39', '2021-10-31 07:10:39'),
(614, '17:00', '24', '768', '45', '14', '-', 4, 4, 6, '2021-11-02', '2021-10-31 07:10:39', '2021-10-31 07:10:39'),
(615, '20:00', '19', '769', '55', '9', '-', 8, 10, 6, '2021-11-02', '2021-10-31 07:10:39', '2021-10-31 07:10:39'),
(616, '23:00', '15', '769', '65', '7', '-', 8, 10, 6, '2021-11-02', '2021-10-31 07:10:39', '2021-10-31 07:10:39'),
(617, '05:00', '1', '747', '55', '7', '-', 3, 3, 1, '2021-11-05', '2021-11-03 04:48:08', '2021-11-03 04:48:08'),
(618, '08:00', '-1', '746', '50', '6', '-', 4, 3, 1, '2021-11-05', '2021-11-03 04:48:08', '2021-11-03 04:48:08'),
(619, '11:00', '4', '746', '45', '7', '-', 4, 3, 1, '2021-11-05', '2021-11-03 04:48:08', '2021-11-03 04:48:08'),
(620, '14:00', '6', '745', '40', '10', '-', 4, 3, 1, '2021-11-05', '2021-11-03 04:48:08', '2021-11-03 04:48:08'),
(621, '17:00', '8', '745', '45', '8', '-', 7, 4, 1, '2021-11-05', '2021-11-03 04:48:08', '2021-11-03 04:48:08'),
(622, '20:00', '6', '746', '50', '7', '-', 8, 4, 1, '2021-11-05', '2021-11-03 04:48:08', '2021-11-03 04:48:08'),
(623, '23:00', '3', '746', '60', '5', '-', 3, 10, 1, '2021-11-05', '2021-11-03 04:48:08', '2021-11-03 04:48:08'),
(624, '05:00', '2', '752', '60', '8', '-', 3, 3, 2, '2021-11-05', '2021-11-03 04:52:58', '2021-11-03 04:52:58'),
(625, '08:00', '-3', '751', '55', '6', '-', 4, 3, 2, '2021-11-05', '2021-11-03 04:52:58', '2021-11-03 04:52:58'),
(626, '11:00', '5', '751', '50', '9', '-', 4, 3, 2, '2021-11-05', '2021-11-03 04:52:58', '2021-11-03 04:52:58'),
(627, '14:00', '8', '750', '45', '13', '-', 4, 3, 2, '2021-11-05', '2021-11-03 04:52:58', '2021-11-03 04:52:58'),
(628, '17:00', '10', '750', '50', '0', '-', 7, 4, 2, '2021-11-05', '2021-11-03 04:52:58', '2021-11-03 04:52:58'),
(629, '20:00', '4', '751', '55', '8', '-', 8, 4, 2, '2021-11-05', '2021-11-03 04:52:58', '2021-11-03 04:52:58'),
(630, '23:00', '0', '751', '65', '6', '-', 3, 3, 2, '2021-11-05', '2021-11-03 04:52:58', '2021-11-03 04:52:58'),
(631, '05:00', '13', '740', '60', '7', '-', 24, 2, 3, '2021-11-05', '2021-11-03 04:58:20', '2022-05-09 05:32:28'),
(632, '08:00', '18', '739', '55', '6', '-', 7, 2, 3, '2021-11-05', '2021-11-03 04:58:20', '2022-05-10 05:59:58'),
(633, '11:00', '27', '739', '50', '8', '-', 4, 2, 3, '2021-11-05', '2021-11-03 04:58:20', '2022-05-10 06:00:24'),
(634, '14:00', '30', '738', '45', '9', '-', 4, 2, 3, '2021-11-05', '2021-11-03 04:58:20', '2022-05-10 06:00:24'),
(635, '17:00', '32', '738', '40', '14', '-', 4, 2, 3, '2021-11-05', '2021-11-03 04:58:20', '2022-05-10 06:00:24'),
(636, '20:00', '25', '739', '50', '12', '-', 3, 2, 3, '2021-11-05', '2021-11-03 04:58:20', '2022-05-10 06:00:24'),
(637, '23:00', '20', '739', '60', '11', '-', 3, 2, 3, '2021-11-05', '2021-11-03 04:58:20', '2022-05-10 06:00:24'),
(638, '05:00', '15', '742', '70', '7', '-', 3, 2, 4, '2021-11-05', '2021-11-03 05:05:42', '2022-05-10 06:01:12'),
(639, '08:00', '20', '741', '65', '7', '-', 4, 2, 4, '2021-11-05', '2021-11-03 05:05:42', '2022-05-10 06:01:12'),
(640, '11:00', '28', '741', '60', '8', '-', 4, 2, 4, '2021-11-05', '2021-11-03 05:05:42', '2022-05-10 06:01:12'),
(641, '14:00', '31', '740', '55', '9', '-', 7, 2, 4, '2021-11-05', '2021-11-03 05:05:42', '2022-05-10 06:01:12'),
(642, '17:00', '33', '740', '50', '13', '-', 4, 2, 4, '2021-11-05', '2021-11-03 05:05:42', '2022-05-10 06:01:00'),
(643, '20:00', '27', '741', '60', '11', '-', 3, 6, 4, '2021-11-05', '2021-11-03 05:05:42', '2022-05-10 06:01:12'),
(644, '23:00', '23', '741', '70', '10', '-', 3, 6, 4, '2021-11-05', '2021-11-03 05:05:42', '2022-05-10 06:01:00'),
(645, '05:00', '12', '752', '60', '12', '-', 12, 12, 5, '2021-11-05', '2021-11-03 05:10:40', '2022-05-10 06:02:14'),
(646, '08:00', '17', '751', '55', '10', '-', 13, 12, 5, '2021-11-05', '2021-11-03 05:10:40', '2022-05-10 06:02:14'),
(647, '11:00', '22', '751', '50', '9', '-', 14, 12, 5, '2021-11-05', '2021-11-03 05:10:40', '2022-05-10 06:02:14'),
(648, '14:00', '25', '750', '45', '14', '-', 4, 12, 5, '2021-11-05', '2021-11-03 05:10:40', '2022-05-10 06:02:14'),
(649, '17:00', '27', '750', '40', '9', '-', 4, 2, 5, '2021-11-05', '2021-11-03 05:10:40', '2022-05-10 06:01:55'),
(650, '20:00', '22', '751', '45', '8', '-', 4, 2, 5, '2021-11-05', '2021-11-03 05:10:40', '2022-05-10 06:01:55'),
(651, '23:00', '18', '751', '55', '7', '-', 3, 2, 5, '2021-11-05', '2021-11-03 05:10:40', '2022-05-10 06:01:55'),
(652, '05:00', '14', '760', '80', '9', '-', 3, 2, 6, '2021-11-05', '2021-11-03 05:15:20', '2022-05-10 06:03:23'),
(653, '08:00', '19', '759', '75', '8', '-', 13, 2, 6, '2021-11-05', '2021-11-03 05:15:20', '2022-05-10 06:03:23'),
(654, '11:00', '20', '759', '70', '9', '-', 17, 2, 6, '2021-11-05', '2021-11-03 05:15:20', '2022-05-10 06:03:23'),
(655, '14:00', '25', '758', '65', '9', '-', 14, 2, 6, '2021-11-05', '2021-11-03 05:15:20', '2022-05-10 06:03:36'),
(656, '17:00', '27', '758', '60', '14', '-', 17, 2, 6, '2021-11-05', '2021-11-03 05:15:20', '2022-05-10 06:03:36'),
(657, '20:00', '22', '759', '65', '10', '-', 4, 2, 6, '2021-11-05', '2021-11-03 05:15:20', '2022-05-10 06:03:36'),
(658, '23:00', '20', '759', '75', '9', '-', 3, 2, 6, '2021-11-05', '2021-11-03 05:15:20', '2022-05-10 06:03:36'),
(659, '05:00', '-1', '746', '70', '5', '-', 3, 3, 1, '2021-11-06', '2021-11-04 06:20:45', '2021-11-04 06:20:45'),
(660, '08:00', '-3', '745', '65', '4', '-', 4, 4, 1, '2021-11-06', '2021-11-04 06:20:45', '2021-11-04 06:20:45'),
(661, '11:00', '2', '745', '60', '6', '-', 4, 4, 1, '2021-11-06', '2021-11-04 06:20:45', '2021-11-04 06:20:45'),
(662, '14:00', '4', '744', '50', '8', '-', 4, 4, 1, '2021-11-06', '2021-11-04 06:20:45', '2021-11-04 06:20:45'),
(663, '17:00', '5', '744', '55', '7', '-', 4, 12, 1, '2021-11-06', '2021-11-04 06:20:45', '2021-11-04 06:20:45'),
(664, '20:00', '2', '745', '65', '6', '-', 3, 5, 1, '2021-11-06', '2021-11-04 06:20:45', '2021-11-04 06:20:45'),
(665, '23:00', '0', '745', '70', '6', '-', 3, 5, 1, '2021-11-06', '2021-11-04 06:20:45', '2021-11-04 06:20:45'),
(666, '05:00', '15', '745', '75', '7', '-', 3, 2, 2, '2021-11-06', '2021-11-04 06:23:21', '2022-05-10 05:59:30'),
(667, '08:00', '20', '744', '70', '8', '-', 4, 2, 2, '2021-11-06', '2021-11-04 06:23:21', '2022-05-10 05:59:41'),
(668, '11:00', '26', '744', '65', '10', '-', 14, 2, 2, '2021-11-06', '2021-11-04 06:23:21', '2022-05-10 05:59:41'),
(669, '14:00', '30', '743', '55', '14', '-', 18, 2, 2, '2021-11-06', '2021-11-04 06:23:21', '2022-05-10 05:59:41'),
(670, '17:00', '24', '743', '65', '10', '-', 17, 2, 2, '2021-11-06', '2021-11-04 06:23:21', '2022-05-10 05:59:30'),
(671, '20:00', '21', '744', '70', '9', '-', 4, 2, 2, '2021-11-06', '2021-11-04 06:23:21', '2022-05-09 05:30:28'),
(672, '23:00', '18', '744', '75', '8', '-', 13, 5, 2, '2021-11-06', '2021-11-04 06:23:21', '2022-05-10 05:59:14'),
(673, '05:00', '14', '742', '30', '14', '-', 3, 2, 3, '2021-11-06', '2021-11-04 06:26:28', '2022-05-11 05:42:38'),
(674, '08:00', '19', '741', '25', '10', '-', 4, 2, 3, '2021-11-06', '2021-11-04 06:26:28', '2022-05-11 05:42:38'),
(675, '11:00', '22', '741', '20', '9', '-', 4, 2, 3, '2021-11-06', '2021-11-04 06:26:28', '2022-05-11 05:42:38'),
(676, '14:00', '25', '740', '25', '12', '-', 4, 2, 3, '2021-11-06', '2021-11-04 06:26:28', '2022-05-11 05:42:27'),
(677, '17:00', '27', '740', '30', '11', '-', 14, 2, 3, '2021-11-06', '2021-11-04 06:26:28', '2022-05-11 05:42:38'),
(678, '20:00', '23', '741', '35', '9', '-', 23, 2, 3, '2021-11-06', '2021-11-04 06:26:28', '2022-05-11 05:42:38'),
(679, '23:00', '21', '741', '40', '9', '-', 3, 2, 3, '2021-11-06', '2021-11-04 06:26:28', '2022-05-11 05:42:38'),
(680, '05:00', '16', '743', '65', '14', '30', 24, 2, 4, '2021-11-06', '2021-11-04 06:29:34', '2022-05-11 05:44:00'),
(681, '08:00', '21', '742', '70', '12', '25', 17, 2, 4, '2021-11-06', '2021-11-04 06:29:34', '2022-05-11 05:44:00'),
(682, '11:00', '24', '742', '65', '10', '-', 18, 2, 4, '2021-11-06', '2021-11-04 06:29:34', '2022-05-11 05:44:00'),
(683, '14:00', '27', '741', '60', '14', '-', 14, 2, 4, '2021-11-06', '2021-11-04 06:29:34', '2022-05-11 05:44:00'),
(684, '17:00', '29', '741', '55', '13', '-', 4, 2, 4, '2021-11-06', '2021-11-04 06:29:34', '2022-05-11 05:44:00'),
(685, '20:00', '23', '742', '50', '10', '-', 3, 6, 4, '2021-11-06', '2021-11-04 06:29:34', '2022-05-11 05:44:00'),
(686, '23:00', '21', '742', '60', '9', '-', 3, 6, 4, '2021-11-06', '2021-11-04 06:29:34', '2022-05-11 05:44:00'),
(687, '05:00', '12', '758', '70', '8', '-', 24, 6, 5, '2021-11-06', '2021-11-04 06:32:38', '2022-05-11 05:48:21'),
(688, '08:00', '17', '757', '65', '7', '-', 23, 6, 5, '2021-11-06', '2021-11-04 06:32:38', '2022-05-11 05:48:21'),
(689, '11:00', '22', '757', '60', '9', '-', 4, 6, 5, '2021-11-06', '2021-11-04 06:32:38', '2022-05-11 05:48:21'),
(690, '14:00', '25', '756', '55', '13', '-', 4, 2, 5, '2021-11-06', '2021-11-04 06:32:38', '2022-05-11 05:48:21'),
(691, '17:00', '20', '756', '50', '8', '-', 4, 2, 5, '2021-11-06', '2021-11-04 06:32:38', '2022-05-11 05:48:21'),
(692, '20:00', '18', '757', '55', '6', '-', 4, 2, 5, '2021-11-06', '2021-11-04 06:32:38', '2022-05-11 05:48:21'),
(693, '23:00', '16', '757', '60', '7', '-', 3, 2, 5, '2021-11-06', '2021-11-04 06:32:38', '2022-05-11 05:48:21'),
(694, '05:00', '12', '759', '75', '7', '-', 13, 2, 6, '2021-11-06', '2021-11-04 06:35:24', '2022-05-11 05:50:36'),
(695, '08:00', '17', '758', '70', '7', '-', 4, 2, 6, '2021-11-06', '2021-11-04 06:35:24', '2022-05-11 05:50:36'),
(696, '11:00', '20', '758', '60', '8', '-', 13, 2, 6, '2021-11-06', '2021-11-04 06:35:24', '2022-05-11 05:50:36'),
(697, '14:00', '23', '757', '55', '14', '-', 14, 2, 6, '2021-11-06', '2021-11-04 06:35:24', '2022-05-11 05:50:36'),
(698, '17:00', '25', '757', '60', '11', '-', 17, 2, 6, '2021-11-06', '2021-11-04 06:35:24', '2022-05-11 05:50:36'),
(699, '20:00', '21', '758', '65', '9', '-', 18, 12, 6, '2021-11-06', '2021-11-04 06:35:24', '2022-05-11 05:50:36'),
(700, '23:00', '19', '758', '70', '9', '-', 24, 12, 6, '2021-11-06', '2021-11-04 06:35:24', '2022-05-11 05:50:36'),
(701, '05:00', '+1', '745', '60', '5', '-', 3, 3, 1, '2021-11-07', '2021-11-05 06:52:57', '2021-11-05 06:52:57'),
(702, '08:00', '-1', '744', '65', '4', '-', 4, 2, 1, '2021-11-07', '2021-11-05 06:52:57', '2021-11-05 06:52:57'),
(703, '11:00', '5', '744', '55', '6', '-', 4, 3, 1, '2021-11-07', '2021-11-05 06:52:57', '2021-11-05 06:52:57'),
(704, '14:00', '7', '743', '50', '7', '-', 4, 2, 1, '2021-11-07', '2021-11-05 06:52:57', '2021-11-05 06:52:57'),
(705, '17:00', '9', '743', '45', '9', '-', 4, 2, 1, '2021-11-07', '2021-11-05 06:52:57', '2021-11-05 06:52:57'),
(706, '20:00', '8', '744', '55', '6', '-', 3, 8, 1, '2021-11-07', '2021-11-05 06:52:57', '2021-11-05 06:52:57'),
(707, '23:00', '6', '744', '60', '4', '-', 3, 8, 1, '2021-11-07', '2021-11-05 06:52:57', '2021-11-05 06:52:57'),
(708, '05:00', '1', '745', '60', '5', '-', 3, 3, 1, '2021-11-07', '2021-11-05 06:59:45', '2021-11-05 06:59:45'),
(709, '08:00', '-1', '744', '65', '4', '-', 4, 3, 1, '2021-11-07', '2021-11-05 06:59:45', '2021-11-05 06:59:45'),
(710, '11:00', '5', '744', '55', '6', '-', 4, 3, 1, '2021-11-07', '2021-11-05 06:59:45', '2021-11-05 06:59:45'),
(711, '14:00', '7', '743', '50', '7', '-', 4, 2, 1, '2021-11-07', '2021-11-05 06:59:45', '2021-11-05 06:59:45'),
(712, '17:00', '9', '743', '45', '9', '-', 4, 3, 1, '2021-11-07', '2021-11-05 06:59:45', '2021-11-05 06:59:45'),
(713, '20:00', '8', '744', '55', '6', '-', 3, 8, 1, '2021-11-07', '2021-11-05 06:59:45', '2021-11-05 06:59:45'),
(714, '23:00', '6', '744', '60', '4', '-', 3, 8, 1, '2021-11-07', '2021-11-05 06:59:45', '2021-11-05 06:59:45'),
(715, '05:00', '13', '746', '85', '8', '-', 17, 2, 2, '2021-11-07', '2021-11-05 07:03:09', '2022-05-11 05:41:27'),
(716, '08:00', '18', '745', '75', '7', '-', 18, 2, 2, '2021-11-07', '2021-11-05 07:03:09', '2022-05-11 05:41:27'),
(717, '11:00', '19', '745', '70', '9', '-', 14, 2, 2, '2021-11-07', '2021-11-05 07:03:09', '2022-05-11 05:41:27'),
(718, '14:00', '22', '744', '65', '14', '-', 13, 2, 2, '2021-11-07', '2021-11-05 07:03:09', '2022-05-11 05:41:27'),
(719, '17:00', '24', '744', '70', '10', '-', 14, 2, 2, '2021-11-07', '2021-11-05 07:03:09', '2022-05-11 05:41:27'),
(720, '20:00', '20', '745', '75', '8', '-', 17, 12, 2, '2021-11-07', '2021-11-05 07:03:09', '2022-05-11 05:41:27'),
(721, '23:00', '18', '745', '80', '7', '-', 3, 5, 2, '2021-11-07', '2021-11-05 07:03:09', '2022-05-11 05:41:27'),
(722, '05:00', '3', '743', '55', '4', '-', 8, 3, 1, '2021-11-09', '2021-11-08 06:11:58', '2021-11-08 06:11:58'),
(723, '08:00', '1', '742', '50', '4', '-', 7, 3, 1, '2021-11-09', '2021-11-08 06:11:58', '2021-11-08 06:11:58'),
(724, '11:00', '11', '742', '45', '5', '-', 7, 3, 1, '2021-11-09', '2021-11-08 06:11:58', '2021-11-08 06:11:58'),
(725, '14:00', '13', '741', '35', '6', '-', 7, 3, 1, '2021-11-09', '2021-11-08 06:11:58', '2021-11-08 06:11:58'),
(726, '17:00', '15', '741', '40', '8', '-', 7, 3, 1, '2021-11-09', '2021-11-08 06:11:58', '2021-11-08 06:11:58'),
(727, '20:00', '10', '742', '45', '7', '-', 3, 8, 1, '2021-11-09', '2021-11-08 06:11:58', '2021-11-08 06:11:58'),
(728, '23:00', '7', '742', '55', '4', '-', 8, 8, 1, '2021-11-09', '2021-11-08 06:11:58', '2021-11-08 06:11:58'),
(729, '05:00', '17', '739', '65', '6', '-', 3, 2, 1, '2021-11-13', '2021-11-10 03:39:08', '2022-05-10 05:58:44'),
(730, '08:00', '18', '738', '60', '6', '-', 4, 2, 1, '2021-11-13', '2021-11-10 03:39:08', '2022-05-10 05:58:44'),
(731, '11:00', '22', '738', '55', '10', '-', 14, 2, 1, '2021-11-13', '2021-11-10 03:39:08', '2022-05-10 05:58:44'),
(732, '14:00', '24', '737', '50', '12', '-', 13, 2, 1, '2021-11-13', '2021-11-10 03:39:08', '2022-05-10 06:03:47'),
(733, '17:00', '23', '737', '60', '10', '-', 17, 2, 1, '2021-11-13', '2021-11-10 03:39:08', '2022-05-10 05:58:44'),
(734, '20:00', '20', '738', '65', '8', '-', 4, 12, 1, '2021-11-13', '2021-11-10 03:39:08', '2022-05-10 05:58:44'),
(735, '23:00', '18', '738', '70', '7', '-', 13, 12, 1, '2021-11-13', '2021-11-10 03:39:08', '2022-05-10 05:56:53'),
(736, '05:00', '15', '741', '80', '6', '-', 17, 2, 1, '2021-12-22', '2021-12-20 01:53:38', '2022-05-11 05:39:34'),
(737, '08:00', '17', '740', '70', '8', '-', 18, 2, 1, '2021-12-22', '2021-12-20 01:53:38', '2022-05-11 05:39:34'),
(738, '11:00', '19', '740', '65', '9', '-', 14, 2, 1, '2021-12-22', '2021-12-20 01:53:38', '2022-05-11 05:39:34'),
(739, '14:00', '22', '739', '60', '8', '-', 13, 2, 1, '2021-12-22', '2021-12-20 01:53:38', '2022-05-11 05:39:34'),
(740, '17:00', '21', '739', '65', '10', '-', 4, 2, 1, '2021-12-22', '2021-12-20 01:53:38', '2022-05-11 05:39:34'),
(741, '20:00', '18', '740', '70', '9', '-', 4, 12, 1, '2021-12-22', '2021-12-20 01:53:38', '2022-05-11 05:39:34'),
(742, '23:00', '18', '740', '75', '8', '-', 24, 5, 1, '2021-12-22', '2021-12-20 01:53:38', '2022-05-11 05:39:34');

-- --------------------------------------------------------

--
-- Структура таблицы `howas`
--

CREATE TABLE IF NOT EXISTS `howas` (
  `id` bigint(20) unsigned NOT NULL,
  `temp` varchar(191) COLLATE utf8mb4_unicode_ci NOT NULL,
  `basys` varchar(191) COLLATE utf8mb4_unicode_ci NOT NULL,
  `cyg` varchar(191) COLLATE utf8mb4_unicode_ci NOT NULL,
  `tizlik` varchar(191) COLLATE utf8mb4_unicode_ci NOT NULL,
  `saher_id` bigint(20) unsigned NOT NULL,
  `hyagday_id` bigint(20) unsigned NOT NULL,
  `ugur_id` bigint(20) unsigned NOT NULL,
  `ady_id` bigint(20) unsigned NOT NULL,
  `created_at` timestamp NULL DEFAULT NULL,
  `updated_at` timestamp NULL DEFAULT NULL
) ENGINE=InnoDB AUTO_INCREMENT=1057 DEFAULT CHARSET=utf8mb4 COLLATE=utf8mb4_unicode_ci;

--
-- Дамп данных таблицы `howas`
--

INSERT INTO `howas` (`id`, `temp`, `basys`, `cyg`, `tizlik`, `saher_id`, `hyagday_id`, `ugur_id`, `ady_id`, `created_at`, `updated_at`) VALUES
(1020, '+24', '743', '38', '3', 1, 4, 2, 33, '2022-02-17 04:25:43', '2022-05-11 04:15:12'),
(1021, '+21', '710', '60', '0', 3, 4, 7, 33, '2022-02-17 04:27:09', '2022-05-11 04:15:23'),
(1022, '+22', '755', '29', '4', 4, 4, 4, 33, '2022-02-17 04:27:35', '2022-05-11 01:38:44'),
(1023, '+27', '763', '24', '1', 5, 2, 2, 33, '2022-02-17 04:28:05', '2022-05-11 04:22:27'),
(1024, '+27', '759', '27', '1', 6, 5, 2, 33, '2022-02-17 04:28:33', '2022-05-11 04:22:01'),
(1025, '+15', '766', '78', '0', 7, 4, 7, 33, '2022-02-17 04:29:33', '2022-05-10 23:18:33'),
(1026, '+25', '734', '45', '0', 8, 4, 7, 33, '2022-02-17 04:30:06', '2022-05-11 04:21:32'),
(1027, '+25', '758', '32', '2', 9, 4, 8, 33, '2022-02-17 04:30:44', '2022-05-11 04:21:43'),
(1028, '+22', '764', '35', '2', 10, 5, 2, 33, '2022-02-17 04:31:08', '2022-05-11 01:39:03'),
(1029, '+24', '754', '33', '0', 11, 5, 7, 33, '2022-02-17 04:31:34', '2022-05-11 04:21:38'),
(1030, '+24', '764', '28', '6', 12, 7, 2, 33, '2022-02-17 04:32:22', '2022-05-11 04:22:09'),
(1031, '+22', '764', '83', '2', 13, 4, 4, 33, '2022-02-17 04:32:50', '2022-05-11 04:18:36'),
(1032, '+29', '747', '62', '0', 14, 5, 7, 33, '2022-02-17 04:33:38', '2022-05-11 04:20:55'),
(1033, '+26', '749', '30', '3', 15, 4, 8, 33, '2022-02-17 04:34:51', '2022-05-11 04:21:11'),
(1034, '+25', '756', '60', '4', 16, 4, 4, 33, '2022-02-17 04:35:22', '2022-05-11 04:21:22'),
(1035, '+26', '736', '50', '2', 17, 5, 2, 33, '2022-02-17 04:35:50', '2022-05-11 04:21:03'),
(1036, '+28', '737', '41', '1', 18, 4, 2, 33, '2022-02-17 04:36:16', '2022-05-11 04:20:45'),
(1037, '+29', '743', '44', '3', 19, 7, 4, 33, '2022-02-17 04:36:51', '2022-05-11 04:15:42'),
(1038, '+28', '742', '47', '1', 20, 5, 4, 33, '2022-02-17 04:37:25', '2022-05-11 04:18:52'),
(1039, '+27', '744', '44', '1', 21, 7, 4, 33, '2022-02-17 04:37:53', '2022-05-11 04:19:38'),
(1040, '+27', '708', '61', '2', 22, 5, 4, 33, '2022-02-17 04:38:20', '2022-05-11 04:19:31'),
(1041, '+30', '732', '51', '0', 23, 7, 7, 33, '2022-02-17 04:38:49', '2022-05-11 04:19:23'),
(1042, '+28', '762', '42', '0', 24, 5, 7, 33, '2022-02-17 04:39:21', '2022-05-11 04:19:46'),
(1043, '+28', '746', '51', '0', 25, 5, 7, 33, '2022-02-17 04:40:01', '2022-05-11 04:19:54'),
(1044, '+26', '745', '41', '4', 26, 5, 4, 33, '2022-02-17 04:40:30', '2022-05-11 04:15:50'),
(1045, '+29', '740', '43', '2', 27, 5, 2, 33, '2022-02-17 04:40:56', '2022-05-11 04:18:43'),
(1046, '+27', '747', '36', '2', 28, 2, 4, 33, '2022-02-17 04:41:22', '2022-05-11 04:20:30'),
(1048, '+27', '743', '53', '2', 30, 2, 2, 33, '2022-02-17 04:42:25', '2022-05-11 04:20:19'),
(1049, '+26', '737', '26', '9', 31, 7, 2, 33, '2022-02-17 04:42:49', '2022-05-11 01:40:02'),
(1050, '+27', '747', '29', '0', 32, 5, 7, 33, '2022-02-17 04:43:15', '2022-05-11 04:20:11'),
(1051, '+23', '754', '42', '1', 33, 4, 2, 33, '2022-02-17 04:43:45', '2022-05-11 04:15:34'),
(1052, '+24', '755', '38', '1', 34, 2, 4, 33, '2022-02-17 04:44:09', '2022-05-11 04:19:08'),
(1053, '+24', '756', '45', '2', 35, 4, 8, 33, '2022-02-17 04:44:32', '2022-05-11 04:19:15'),
(1054, '+24', '755', '39', '1', 36, 2, 5, 33, '2022-02-17 04:44:52', '2022-05-11 04:19:00'),
(1056, '+26', '749', '37', '0', 29, 5, 7, 33, '2022-03-10 10:25:37', '2022-05-11 04:20:39');

-- --------------------------------------------------------

--
-- Структура таблицы `howa_yagdays`
--

CREATE TABLE IF NOT EXISTS `howa_yagdays` (
  `id` bigint(20) unsigned NOT NULL,
  `ady` varchar(191) COLLATE utf8mb4_unicode_ci NOT NULL,
  `images` char(191) COLLATE utf8mb4_unicode_ci DEFAULT NULL,
  `created_at` timestamp NULL DEFAULT NULL,
  `updated_at` timestamp NULL DEFAULT NULL
) ENGINE=InnoDB AUTO_INCREMENT=25 DEFAULT CHARSET=utf8mb4 COLLATE=utf8mb4_unicode_ci;

--
-- Дамп данных таблицы `howa_yagdays`
--

INSERT INTO `howa_yagdays` (`id`, `ady`, `images`, `created_at`, `updated_at`) VALUES
(1, 'Az bulutly gije', 'howayagdayysurat/1.png', '2021-10-13 10:29:40', '2021-10-15 06:58:14'),
(2, 'Az bulutly gündiz', 'howayagdayysurat/2.png', '2021-10-15 06:58:31', '2021-10-15 06:58:31'),
(3, 'Üýtgap durýan bulutly gije', 'howayagdayysurat/3.png', '2021-10-15 06:59:01', '2021-10-15 06:59:01'),
(4, 'Üýtgap durýan bulutly gündiz', 'howayagdayysurat/4.png', '2021-10-15 07:00:09', '2021-10-15 07:00:09'),
(5, 'açyk gündiz', 'howayagdayysurat/5.PNG', '2021-10-16 09:45:40', '2021-10-16 09:47:51'),
(6, 'açyk gije', 'howayagdayysurat/6.PNG', '2021-10-16 09:46:26', '2021-10-16 09:46:26'),
(7, 'az-kem bulutly gündiz', 'howayagdayysurat/7.PNG', '2021-10-16 09:47:25', '2021-10-16 09:48:31'),
(8, 'az-kem bulutly gije', 'howayagdayysurat/8.PNG', '2021-10-16 09:49:12', '2021-10-16 09:49:12'),
(10, 'açyk gündiz', 'howayagdayysurat/10.png', '2021-10-19 00:50:36', '2021-10-19 00:50:36'),
(11, 'az-kem  gar gatyşykly ýagyş', 'howayagdayysurat/11.png', '2021-10-19 00:50:52', '2021-10-19 00:50:52'),
(12, 'az-kem ýagyş, ýyldyrym', 'howayagdayysurat/12.png', '2021-10-19 00:51:03', '2021-10-19 00:51:03'),
(13, 'az-kem ýagyş', 'howayagdayysurat/13.png', '2021-10-19 00:51:16', '2021-10-19 00:51:16'),
(14, 'bulutly gündiz', 'howayagdayysurat/14.png', '2021-10-19 00:51:40', '2021-10-19 00:51:40'),
(15, 'gar gatyşykly ýagyş', 'howayagdayysurat/15.png', '2021-10-19 00:52:04', '2021-10-19 00:52:04'),
(16, 'gar', 'howayagdayysurat/16.png', '2021-10-19 00:52:14', '2021-10-19 00:52:14'),
(17, 'ýagyş, ýyldyrym', 'howayagdayysurat/17.png', '2021-10-19 00:52:32', '2021-10-19 00:52:32'),
(18, 'ýagyş', 'howayagdayysurat/18.png', '2021-10-19 00:52:47', '2021-10-19 00:52:47'),
(19, 'Az kem gar', 'howayagdayysurat/19.png', '2021-10-26 06:10:48', '2021-10-26 06:10:48'),
(20, 'gysga wagtlaýyn ýagyş', 'howayagdayysurat/20.png', '2021-10-28 07:09:51', '2021-10-28 07:09:51'),
(21, 'ýagyş gatyşykly gar', 'howayagdayysurat/21.png', '2021-10-28 07:12:11', '2021-10-28 07:12:11'),
(22, 'gysga wagtlaýyn ýagyş ýyldyrym', 'howayagdayysurat/22.png', '2021-10-28 07:14:57', '2021-10-28 07:14:57'),
(23, 'Bulutly', 'howayagdayysurat/23.png', '2022-01-25 02:59:30', '2022-01-25 02:59:30'),
(24, 'Bulutly gije', 'howayagdayysurat/24.png', '2022-01-25 05:35:08', '2022-01-25 05:35:08');

-- --------------------------------------------------------

--
-- Структура таблицы `logs`
--

CREATE TABLE IF NOT EXISTS `logs` (
  `id` bigint(20) unsigned NOT NULL,
  `name` char(191) COLLATE utf8mb4_unicode_ci DEFAULT NULL,
  `email` char(191) COLLATE utf8mb4_unicode_ci NOT NULL,
  `ip` char(191) COLLATE utf8mb4_unicode_ci NOT NULL,
  `kind` char(191) COLLATE utf8mb4_unicode_ci NOT NULL,
  `device` char(191) COLLATE utf8mb4_unicode_ci NOT NULL,
  `browser` char(191) COLLATE utf8mb4_unicode_ci NOT NULL,
  `platform` char(191) COLLATE utf8mb4_unicode_ci NOT NULL,
  `created_at` timestamp NULL DEFAULT NULL,
  `updated_at` timestamp NULL DEFAULT NULL
) ENGINE=InnoDB AUTO_INCREMENT=2 DEFAULT CHARSET=utf8mb4 COLLATE=utf8mb4_unicode_ci;

--
-- Дамп данных таблицы `logs`
--

INSERT INTO `logs` (`id`, `name`, `email`, `ip`, `kind`, `device`, `browser`, `platform`, `created_at`, `updated_at`) VALUES
(1, '', 'yazmyratatayew1805@gmail.com', '::1', '1', 'WebKit', 'Chrome', 'Windows', '2021-12-23 08:04:23', '2021-12-23 08:04:23');

-- --------------------------------------------------------

--
-- Структура таблицы `migrations`
--

CREATE TABLE IF NOT EXISTS `migrations` (
  `id` int(10) unsigned NOT NULL,
  `migration` varchar(191) COLLATE utf8mb4_unicode_ci NOT NULL,
  `batch` int(11) NOT NULL
) ENGINE=InnoDB AUTO_INCREMENT=14 DEFAULT CHARSET=utf8mb4 COLLATE=utf8mb4_unicode_ci;

--
-- Дамп данных таблицы `migrations`
--

INSERT INTO `migrations` (`id`, `migration`, `batch`) VALUES
(1, '2014_10_12_000000_create_users_table', 1),
(2, '2014_10_12_100000_create_password_resets_table', 1),
(3, '2021_09_18_114202_create_photos_table', 1),
(4, '2021_09_19_070057_create_admins_table', 1),
(5, '2021_09_30_060229_create_welayats_table', 1),
(6, '2021_09_31_055900_create_caklamas_table', 1),
(7, '2021_10_08_155038_create_sahers_table', 1),
(8, '2021_10_08_155055_create_howa_yagdays_table', 1),
(9, '2021_10_08_155107_create_ugurs_table', 1),
(10, '2021_10_08_155123_create_howas_table', 1),
(11, '2021_10_13_151704_create_wels_table', 1),
(12, '2021_10_13_151821_create_caks_table', 1),
(13, '2021_12_21_043259_create_logs_table', 2);

-- --------------------------------------------------------

--
-- Структура таблицы `password_resets`
--

CREATE TABLE IF NOT EXISTS `password_resets` (
  `email` varchar(191) COLLATE utf8mb4_unicode_ci NOT NULL,
  `token` varchar(191) COLLATE utf8mb4_unicode_ci NOT NULL,
  `created_at` timestamp NULL DEFAULT NULL
) ENGINE=InnoDB DEFAULT CHARSET=utf8mb4 COLLATE=utf8mb4_unicode_ci;

-- --------------------------------------------------------

--
-- Структура таблицы `photos`
--

CREATE TABLE IF NOT EXISTS `photos` (
  `id` bigint(20) unsigned NOT NULL,
  `title` varchar(191) COLLATE utf8mb4_unicode_ci NOT NULL,
  `image` char(191) COLLATE utf8mb4_unicode_ci DEFAULT NULL,
  `created_at` timestamp NULL DEFAULT NULL,
  `updated_at` timestamp NULL DEFAULT NULL
) ENGINE=InnoDB AUTO_INCREMENT=4 DEFAULT CHARSET=utf8mb4 COLLATE=utf8mb4_unicode_ci;

--
-- Дамп данных таблицы `photos`
--

INSERT INTO `photos` (`id`, `title`, `image`, `created_at`, `updated_at`) VALUES
(1, 'Monitoring', 'photos/1.JPG', '2021-10-13 10:30:05', '2021-10-15 06:51:06'),
(2, 'Hemra', 'photos/2.JPG', '2021-10-15 06:51:21', '2021-10-15 06:51:21'),
(3, 'Dag', 'photos/3.JPG', '2021-10-15 06:52:34', '2021-10-15 06:52:35');

-- --------------------------------------------------------

--
-- Структура таблицы `sahers`
--

CREATE TABLE IF NOT EXISTS `sahers` (
  `id` bigint(20) unsigned NOT NULL,
  `name` varchar(191) COLLATE utf8mb4_unicode_ci NOT NULL,
  `created_at` timestamp NULL DEFAULT NULL,
  `updated_at` timestamp NULL DEFAULT NULL
) ENGINE=InnoDB AUTO_INCREMENT=37 DEFAULT CHARSET=utf8mb4 COLLATE=utf8mb4_unicode_ci;

--
-- Дамп данных таблицы `sahers`
--

INSERT INTO `sahers` (`id`, `name`, `created_at`, `updated_at`) VALUES
(1, 'Aşgabat', '2021-10-13 10:29:44', '2021-10-15 07:00:27'),
(3, 'Arçabil', '2021-10-15 07:01:22', '2021-10-15 07:01:22'),
(4, 'Türkmenbaşy', '2021-10-15 07:02:21', '2021-10-15 07:02:21'),
(5, 'Balkanabat', '2021-10-15 07:02:42', '2021-10-15 07:02:42'),
(6, 'Bereket', '2021-10-15 07:02:49', '2021-10-15 07:02:49'),
(7, 'Garabogaz', '2021-10-15 07:03:00', '2021-10-15 07:03:00'),
(8, 'Magtymguly', '2021-10-15 07:03:10', '2021-10-15 07:03:10'),
(9, 'Etrek', '2021-10-15 07:03:21', '2021-10-15 07:03:21'),
(10, 'Esenguly', '2021-10-15 07:03:49', '2021-10-15 07:03:49'),
(11, 'Serdar', '2021-10-15 07:03:56', '2021-10-15 07:03:56'),
(12, 'Hazar', '2021-10-15 07:04:10', '2021-10-15 07:04:10'),
(13, 'Guwlymaýak', '2021-10-15 07:04:24', '2021-10-15 07:04:24'),
(14, 'Tejen', '2021-10-15 07:04:38', '2021-10-15 07:04:38'),
(15, 'Bäherden', '2021-10-15 07:04:49', '2021-10-15 07:04:49'),
(16, 'Derweze', '2021-10-15 07:05:10', '2021-10-15 07:05:10'),
(17, 'Kaka', '2021-10-15 07:05:15', '2021-10-15 07:05:15'),
(18, 'Sarahs', '2021-10-15 07:05:23', '2021-10-15 07:05:23'),
(19, 'Mary', '2021-10-15 07:05:28', '2021-10-15 07:05:28'),
(20, 'Baýramaly', '2021-10-15 07:05:36', '2021-10-15 07:05:36'),
(21, 'Deňizhan', '2021-10-15 07:05:46', '2021-10-15 07:05:46'),
(22, 'Serherabat', '2021-10-15 07:05:54', '2021-10-15 07:05:54'),
(23, 'Tagtabazar', '2021-10-15 07:06:09', '2021-10-15 07:06:09'),
(24, 'Ýolöten', '2021-10-15 07:06:18', '2021-10-15 07:06:18'),
(25, 'Bagtyýarlyk', '2021-10-15 07:06:31', '2021-10-15 07:06:31'),
(26, 'Türkmenabat', '2021-10-15 07:06:41', '2021-10-15 07:06:41'),
(27, 'Kerki', '2021-10-15 07:06:49', '2021-10-15 07:06:49'),
(28, 'Dänew', '2021-10-15 07:06:56', '2021-10-15 07:06:56'),
(29, 'Darganata', '2021-10-15 07:07:03', '2021-10-15 07:07:03'),
(30, 'Hojambaz', '2021-10-15 07:07:11', '2021-10-15 07:07:11'),
(31, 'Köýtendag', '2021-10-15 07:07:29', '2021-10-15 07:07:29'),
(32, 'Seýdi', '2021-10-15 07:07:41', '2021-10-15 07:07:41'),
(33, 'Daşoguz', '2021-10-15 07:07:50', '2021-10-15 07:07:50'),
(34, 'Köneürgenç', '2021-10-15 07:08:03', '2021-10-15 07:08:03'),
(35, 'Ruhubelent', '2021-10-15 07:08:09', '2021-10-15 07:08:09'),
(36, 'Akdepe', '2021-10-15 07:08:17', '2021-10-15 07:08:17');

-- --------------------------------------------------------

--
-- Структура таблицы `ugurs`
--

CREATE TABLE IF NOT EXISTS `ugurs` (
  `id` bigint(20) unsigned NOT NULL,
  `ady` varchar(191) COLLATE utf8mb4_unicode_ci NOT NULL,
  `image` char(191) COLLATE utf8mb4_unicode_ci DEFAULT NULL,
  `created_at` timestamp NULL DEFAULT NULL,
  `updated_at` timestamp NULL DEFAULT NULL
) ENGINE=InnoDB AUTO_INCREMENT=13 DEFAULT CHARSET=utf8mb4 COLLATE=utf8mb4_unicode_ci;

--
-- Дамп данных таблицы `ugurs`
--

INSERT INTO `ugurs` (`id`, `ady`, `image`, `created_at`, `updated_at`) VALUES
(2, 'Dg-Gb', 'ugursurat/2.PNG', '2021-10-15 06:55:50', '2021-10-15 06:55:50'),
(3, 'Gd', 'ugursurat/3.PNG', '2021-10-15 06:56:36', '2021-10-15 06:56:36'),
(4, 'Dg-Gd', 'ugursurat/4.PNG', '2021-10-15 06:56:58', '2021-10-15 06:56:58'),
(5, 'Go-Gb', 'ugursurat/5.PNG', '2021-10-15 06:57:21', '2021-10-15 06:57:21'),
(6, 'Dg', 'ugursurat/6.PNG', '2021-10-15 06:57:29', '2021-10-15 06:57:29'),
(7, 'Asuda', 'ugursurat/7.PNG', '2021-10-15 06:57:46', '2021-10-15 06:57:47'),
(8, 'Go-Gd', 'ugursurat/8.PNG', '2021-10-16 10:36:37', '2021-10-18 10:11:54'),
(10, 'Gd', 'ugursurat/10.PNG', '2021-10-18 10:09:10', '2021-10-18 10:09:10'),
(11, 'Go', 'ugursurat/11.PNG', '2021-10-19 00:49:56', '2021-10-19 00:49:56'),
(12, 'Gb', 'ugursurat/12.PNG', '2021-10-26 06:01:03', '2021-10-26 06:01:03');

-- --------------------------------------------------------

--
-- Структура таблицы `users`
--

CREATE TABLE IF NOT EXISTS `users` (
  `id` bigint(20) unsigned NOT NULL,
  `name` varchar(191) COLLATE utf8mb4_unicode_ci NOT NULL,
  `email` varchar(191) COLLATE utf8mb4_unicode_ci NOT NULL,
  `email_verified_at` timestamp NULL DEFAULT NULL,
  `password` varchar(191) COLLATE utf8mb4_unicode_ci NOT NULL,
  `remember_token` varchar(100) COLLATE utf8mb4_unicode_ci DEFAULT NULL,
  `created_at` timestamp NULL DEFAULT NULL,
  `updated_at` timestamp NULL DEFAULT NULL
) ENGINE=InnoDB AUTO_INCREMENT=3 DEFAULT CHARSET=utf8mb4 COLLATE=utf8mb4_unicode_ci;

--
-- Дамп данных таблицы `users`
--

INSERT INTO `users` (`id`, `name`, `email`, `email_verified_at`, `password`, `remember_token`, `created_at`, `updated_at`) VALUES
(1, 'Yazmyrat', 'yazmyratatayew1805@gmail.com', NULL, '$2y$10$Qe/Dyqk1NN//GqlryyE1aOiu66pPHpW6oZ94ty9Y4IkBSuHd4nWCq', NULL, '2021-10-13 10:28:56', '2021-10-13 10:28:56'),
(2, 'aman', 'aman@mail.ru', NULL, '$2y$10$IwqHmpCtVdmLhUQTKfUPduKuX3S1qcN9eduXeq90jFXWU7vMVm9m.', NULL, '2021-12-26 04:28:12', '2021-12-26 04:28:12');

-- --------------------------------------------------------

--
-- Структура таблицы `welayats`
--

CREATE TABLE IF NOT EXISTS `welayats` (
  `id` bigint(20) unsigned NOT NULL,
  `ady` char(191) COLLATE utf8mb4_unicode_ci NOT NULL,
  `wagt` char(191) COLLATE utf8mb4_unicode_ci NOT NULL,
  `created_at` timestamp NULL DEFAULT NULL,
  `updated_at` timestamp NULL DEFAULT NULL
) ENGINE=InnoDB AUTO_INCREMENT=35 DEFAULT CHARSET=utf8mb4 COLLATE=utf8mb4_unicode_ci;

--
-- Дамп данных таблицы `welayats`
--

INSERT INTO `welayats` (`id`, `ady`, `wagt`, `created_at`, `updated_at`) VALUES
(26, '2022-05-13', '02:00', NULL, '2022-05-11 05:37:13'),
(27, '2022-05-12', '02:00', NULL, '2022-05-10 05:54:31'),
(33, '2022-05-11', '14:00', '2021-10-31 19:19:31', '2022-05-11 05:13:35');

-- --------------------------------------------------------

--
-- Структура таблицы `wels`
--

CREATE TABLE IF NOT EXISTS `wels` (
  `id` bigint(20) unsigned NOT NULL,
  `name` varchar(191) COLLATE utf8mb4_unicode_ci NOT NULL,
  `created_at` timestamp NULL DEFAULT NULL,
  `updated_at` timestamp NULL DEFAULT NULL
) ENGINE=InnoDB AUTO_INCREMENT=8 DEFAULT CHARSET=utf8mb4 COLLATE=utf8mb4_unicode_ci;

--
-- Дамп данных таблицы `wels`
--

INSERT INTO `wels` (`id`, `name`, `created_at`, `updated_at`) VALUES
(1, 'Aşgabat', NULL, '2021-10-15 00:30:06'),
(2, 'Ahal', NULL, NULL),
(3, 'Mary', NULL, NULL),
(4, 'Lebap', NULL, NULL),
(5, 'Daşoguz', NULL, '2021-10-15 00:30:14'),
(6, 'Balkan', NULL, NULL);

--
-- Индексы сохранённых таблиц
--

--
-- Индексы таблицы `admins`
--
ALTER TABLE `admins`
  ADD PRIMARY KEY (`id`);

--
-- Индексы таблицы `caklamas`
--
ALTER TABLE `caklamas`
  ADD PRIMARY KEY (`id`);

--
-- Индексы таблицы `caks`
--
ALTER TABLE `caks`
  ADD PRIMARY KEY (`id`),
  ADD KEY `caks_hyagday_id_foreign` (`hyagday_id`),
  ADD KEY `caks_ugur_id_foreign` (`ugur_id`),
  ADD KEY `caks_wel_id_foreign` (`wel_id`);

--
-- Индексы таблицы `howas`
--
ALTER TABLE `howas`
  ADD PRIMARY KEY (`id`),
  ADD KEY `howas_saher_id_foreign` (`saher_id`),
  ADD KEY `howas_hyagday_id_foreign` (`hyagday_id`),
  ADD KEY `howas_ugur_id_foreign` (`ugur_id`),
  ADD KEY `howas_ady_id_foreign` (`ady_id`);

--
-- Индексы таблицы `howa_yagdays`
--
ALTER TABLE `howa_yagdays`
  ADD PRIMARY KEY (`id`);

--
-- Индексы таблицы `logs`
--
ALTER TABLE `logs`
  ADD PRIMARY KEY (`id`);

--
-- Индексы таблицы `migrations`
--
ALTER TABLE `migrations`
  ADD PRIMARY KEY (`id`);

--
-- Индексы таблицы `password_resets`
--
ALTER TABLE `password_resets`
  ADD KEY `password_resets_email_index` (`email`);

--
-- Индексы таблицы `photos`
--
ALTER TABLE `photos`
  ADD PRIMARY KEY (`id`);

--
-- Индексы таблицы `sahers`
--
ALTER TABLE `sahers`
  ADD PRIMARY KEY (`id`);

--
-- Индексы таблицы `ugurs`
--
ALTER TABLE `ugurs`
  ADD PRIMARY KEY (`id`);

--
-- Индексы таблицы `users`
--
ALTER TABLE `users`
  ADD PRIMARY KEY (`id`),
  ADD UNIQUE KEY `users_email_unique` (`email`);

--
-- Индексы таблицы `welayats`
--
ALTER TABLE `welayats`
  ADD PRIMARY KEY (`id`);

--
-- Индексы таблицы `wels`
--
ALTER TABLE `wels`
  ADD PRIMARY KEY (`id`);

--
-- AUTO_INCREMENT для сохранённых таблиц
--

--
-- AUTO_INCREMENT для таблицы `admins`
--
ALTER TABLE `admins`
  MODIFY `id` bigint(20) unsigned NOT NULL AUTO_INCREMENT;
--
-- AUTO_INCREMENT для таблицы `caklamas`
--
ALTER TABLE `caklamas`
  MODIFY `id` bigint(20) unsigned NOT NULL AUTO_INCREMENT;
--
-- AUTO_INCREMENT для таблицы `caks`
--
ALTER TABLE `caks`
  MODIFY `id` bigint(20) unsigned NOT NULL AUTO_INCREMENT,AUTO_INCREMENT=743;
--
-- AUTO_INCREMENT для таблицы `howas`
--
ALTER TABLE `howas`
  MODIFY `id` bigint(20) unsigned NOT NULL AUTO_INCREMENT,AUTO_INCREMENT=1057;
--
-- AUTO_INCREMENT для таблицы `howa_yagdays`
--
ALTER TABLE `howa_yagdays`
  MODIFY `id` bigint(20) unsigned NOT NULL AUTO_INCREMENT,AUTO_INCREMENT=25;
--
-- AUTO_INCREMENT для таблицы `logs`
--
ALTER TABLE `logs`
  MODIFY `id` bigint(20) unsigned NOT NULL AUTO_INCREMENT,AUTO_INCREMENT=2;
--
-- AUTO_INCREMENT для таблицы `migrations`
--
ALTER TABLE `migrations`
  MODIFY `id` int(10) unsigned NOT NULL AUTO_INCREMENT,AUTO_INCREMENT=14;
--
-- AUTO_INCREMENT для таблицы `photos`
--
ALTER TABLE `photos`
  MODIFY `id` bigint(20) unsigned NOT NULL AUTO_INCREMENT,AUTO_INCREMENT=4;
--
-- AUTO_INCREMENT для таблицы `sahers`
--
ALTER TABLE `sahers`
  MODIFY `id` bigint(20) unsigned NOT NULL AUTO_INCREMENT,AUTO_INCREMENT=37;
--
-- AUTO_INCREMENT для таблицы `ugurs`
--
ALTER TABLE `ugurs`
  MODIFY `id` bigint(20) unsigned NOT NULL AUTO_INCREMENT,AUTO_INCREMENT=13;
--
-- AUTO_INCREMENT для таблицы `users`
--
ALTER TABLE `users`
  MODIFY `id` bigint(20) unsigned NOT NULL AUTO_INCREMENT,AUTO_INCREMENT=3;
--
-- AUTO_INCREMENT для таблицы `welayats`
--
ALTER TABLE `welayats`
  MODIFY `id` bigint(20) unsigned NOT NULL AUTO_INCREMENT,AUTO_INCREMENT=35;
--
-- AUTO_INCREMENT для таблицы `wels`
--
ALTER TABLE `wels`
  MODIFY `id` bigint(20) unsigned NOT NULL AUTO_INCREMENT,AUTO_INCREMENT=8;
--
-- Ограничения внешнего ключа сохраненных таблиц
--

--
-- Ограничения внешнего ключа таблицы `caks`
--
ALTER TABLE `caks`
  ADD CONSTRAINT `caks_hyagday_id_foreign` FOREIGN KEY (`hyagday_id`) REFERENCES `howa_yagdays` (`id`) ON DELETE CASCADE,
  ADD CONSTRAINT `caks_ugur_id_foreign` FOREIGN KEY (`ugur_id`) REFERENCES `ugurs` (`id`) ON DELETE CASCADE,
  ADD CONSTRAINT `caks_wel_id_foreign` FOREIGN KEY (`wel_id`) REFERENCES `wels` (`id`) ON DELETE CASCADE;

--
-- Ограничения внешнего ключа таблицы `howas`
--
ALTER TABLE `howas`
  ADD CONSTRAINT `howas_ady_id_foreign` FOREIGN KEY (`ady_id`) REFERENCES `welayats` (`id`) ON DELETE CASCADE,
  ADD CONSTRAINT `howas_hyagday_id_foreign` FOREIGN KEY (`hyagday_id`) REFERENCES `howa_yagdays` (`id`) ON DELETE CASCADE,
  ADD CONSTRAINT `howas_saher_id_foreign` FOREIGN KEY (`saher_id`) REFERENCES `sahers` (`id`) ON DELETE CASCADE,
  ADD CONSTRAINT `howas_ugur_id_foreign` FOREIGN KEY (`ugur_id`) REFERENCES `ugurs` (`id`) ON DELETE CASCADE;

/*!40101 SET CHARACTER_SET_CLIENT=@OLD_CHARACTER_SET_CLIENT */;
/*!40101 SET CHARACTER_SET_RESULTS=@OLD_CHARACTER_SET_RESULTS */;
/*!40101 SET COLLATION_CONNECTION=@OLD_COLLATION_CONNECTION */;
